ID,Reference,Verse,AnalyzedVerse,Notes,NoteFonts,KJV,Manual Analysis
1,My Examples 1:1,"Cain said to Cain's brother named Abel, [""We(Cain) will go to a field.""]  And [while Cain and Abel were in the field] Cain attacked Abel.",~\wd ~\tg c-IDp00NNNNNNNNNNN...............~\lu {~\wd ~\tg n-SAN.N........~\lu (~\wd ~\tg N-1A1SDAnK3NN........~\lu Cain~\wd ~\tg ~\lu )~\wd ~\tg v-S.....~\lu (~\wd ~\tg V-1ArUINAN...........~\lu say~\wd ~\tg ~\lu )~\wd ~\tg n-SdN.N........~\lu (~\wd ~\tg N-1A2SFAnK3NN........~\lu brother~\wd ~\tg n-SNN.N........~\lu (~\wd ~\tg P-1A.....~\lu -Kinship~\wd ~\tg N-1A1SDAnK3NN........~\lu Cain~\wd ~\tg ~\lu )~\wd ~\tg n-SNN.N........~\lu (~\wd ~\tg P-1A.....~\lu -Name~\wd ~\tg N-1A3SDAnK3NN........~\lu Abel~\wd ~\tg ~\lu )~\wd ~\tg ~\lu )~\wd ~\tg c-PSp00NNNNNNNNNNN...............~\lu [~\wd ~\tg r-1A.....~\lu -QuoteBegin~\wd ~\tg n-SAN.N........~\lu (~\wd ~\tg N-1A1PDAnKANN........~\lu Cain~\wd ~\tg ~\lu )~\wd ~\tg v-S.....~\lu (~\wd ~\tg V-1AEUINAN...........~\lu go~\wd ~\tg ~\lu )~\wd ~\tg n-SdN.N........~\lu (~\wd ~\tg N-1A4SIAnK3NN........~\lu field~\wd ~\tg ~\lu )~\wd ~\tg ~\lu ]~\wd ~\tg r-1A.....~\lu -QuoteEnd~\wd ~\tg .-~\lu .~\wd ~\tg ~\lu }~\wd ~\tg c-IDp00NNNNNNNNNNN...............~\lu {~\wd ~\tg C-1A.....~\lu and~\wd ~\tg c-EDp00NNNNNNNNNNN...............~\lu [~\wd ~\tg P-1A.....~\lu while~\wd ~\tg n-FAN.N........~\lu (~\wd ~\tg N-1A1SDAnK3NN........~\lu Cain~\wd ~\tg ~\lu )~\wd ~\tg n-LAN.N........~\lu (~\wd ~\tg C-1B.....~\lu and~\wd ~\tg N-1A3SDAnK3NN........~\lu Abel~\wd ~\tg ~\lu )~\wd ~\tg v-S.....~\lu (~\wd ~\tg V-1FrUINAN...........~\lu be~\wd ~\tg ~\lu )~\wd ~\tg n-SSN.N........~\lu (~\wd ~\tg P-1B.....~\lu in~\wd ~\tg N-1A4SDAnK3NN........~\lu field~\wd ~\tg ~\lu )~\wd ~\tg ~\lu ]~\wd ~\tg n-SAN.N........~\lu (~\wd ~\tg N-1A1SDAnK3NN........~\lu Cain~\wd ~\tg ~\lu )~\wd ~\tg v-S.....~\lu (~\wd ~\tg V-1ArUINAN...........~\lu attack~\wd ~\tg ~\lu )~\wd ~\tg n-SPN.N........~\lu (~\wd ~\tg N-1A3SDAnK3NN........~\lu Abel~\wd ~\tg ~\lu )~\wd ~\tg .-~\lu .~\wd ~\tg ~\lu }~|ACain|Abrother|AAbel|Afield||||||||||||||||||||||||||||||||,,,,
2,My Examples 1:2,,~\wd ~\tg c-IDp00NNNNNNNNNNN...............~\lu {~\wd ~\tg n-SAN.N........~\lu (~\wd ~\tg N-1A1SDAnK3NN........~\lu Mary~\wd ~\tg ~\lu )~\wd ~\tg v-S.....~\lu (~\wd ~\tg V-1AaUINAN...........~\lu see~\wd ~\tg ~\lu )~\wd ~\tg n-SPN.N........~\lu (~\wd ~\tg j-SA.....~\lu (~\wd ~\tg A-1AN.....~\lu another~\wd ~\tg P-1A.....~\lu -Subgroup~\wd ~\tg ~\lu )~\wd ~\tg N-1A2PDAcK3NN........~\lu servant~\wd ~\tg ~\lu )~\wd ~\tg .-~\lu .~\wd ~\tg ~\lu }~|AMary|Aservant||||||||||||||||||||||||||||||||||,,,,
3,My Examples 1:3,,~\wd ~\tg c-IDp00NNNNNNNNNNN...............~\lu {~\wd ~\tg c-EDp00NNNNNNBNNNN...............~\lu [~\wd ~\tg P-1A.....~\lu while~\wd ~\tg n-SAN.N........~\lu (~\wd ~\tg N-1A1SDAnK1NN........~\lu John~\wd ~\tg ~\lu )~\wd ~\tg v-S.....~\lu (~\wd ~\tg V-1AaUINAN...........~\lu walk~\wd ~\tg ~\lu )~\wd ~\tg ~\lu ]~\wd ~\tg n-SAN.N........~\lu (~\wd ~\tg N-1A2SDAnK3NN........~\lu Mary~\wd ~\tg ~\lu )~\wd ~\tg v-S.....~\lu (~\wd ~\tg V-1AaCINEN...........~\lu read~\wd ~\tg ~\lu )~\wd ~\tg n-SPN.N........~\lu (~\wd ~\tg N-1A3SDASK3NN........~\lu book~\wd ~\tg ~\lu )~\wd ~\tg .-~\lu .~\wd ~\tg ~\lu }~\wd ~\tg c-IDp00NNNNNNNNNNN...............~\lu {~\wd ~\tg c-EDp00NNNNNNBNNNN...............~\lu [~\wd ~\tg P-1A.....~\lu while~\wd ~\tg n-SAN.N........~\lu (~\wd ~\tg N-1A1SDAnK1NN........~\lu John~\wd ~\tg ~\lu )~\wd ~\tg v-S.....~\lu (~\wd ~\tg V-1AaUINAN...........~\lu walk~\wd ~\tg ~\lu )~\wd ~\tg ~\lu ]~\wd ~\tg n-SAN.N........~\lu (~\wd ~\tg N-1A2SDAnK3NN........~\lu Mary~\wd ~\tg ~\lu )~\wd ~\tg v-S.....~\lu (~\wd ~\tg V-1AaCINEN...........~\lu read~\wd ~\tg ~\lu )~\wd ~\tg n-SPN.N........~\lu (~\wd ~\tg N-1A3SDASK3NN........~\lu book~\wd ~\tg ~\lu )~\wd ~\tg .-~\lu .~\wd ~\tg ~\lu }~\wd ~\tg c-IDp00NNNNNNNNNNN...............~\lu {~\wd ~\tg c-EDp00NNNNNNBNNNN...............~\lu [~\wd ~\tg P-1A.....~\lu while~\wd ~\tg n-SAN.N........~\lu (~\wd ~\tg N-1A1SDAnK1NN........~\lu John~\wd ~\tg ~\lu )~\wd ~\tg v-S.....~\lu (~\wd ~\tg V-1AaUINAN...........~\lu walk~\wd ~\tg ~\lu )~\wd ~\tg ~\lu ]~\wd ~\tg n-SAN.N........~\lu (~\wd ~\tg N-1A2SDAnK3NN........~\lu Mary~\wd ~\tg ~\lu )~\wd ~\tg v-S.....~\lu (~\wd ~\tg V-1AaCINEN...........~\lu read~\wd ~\tg ~\lu )~\wd ~\tg n-SPN.N........~\lu (~\wd ~\tg N-1A3SDASK3NN........~\lu book~\wd ~\tg ~\lu )~\wd ~\tg .-~\lu .~\wd ~\tg ~\lu }~\wd ~\tg c-IDp00NNNNNNNNNNN...............~\lu {~\wd ~\tg c-EDp00NNNNNNBNNNN...............~\lu [~\wd ~\tg P-1A.....~\lu while~\wd ~\tg n-SAN.N........~\lu (~\wd ~\tg N-1A1SDAnK1NN........~\lu John~\wd ~\tg ~\lu )~\wd ~\tg v-S.....~\lu (~\wd ~\tg V-1AaUINAN...........~\lu walk~\wd ~\tg ~\lu )~\wd ~\tg ~\lu ]~\wd ~\tg n-SAN.N........~\lu (~\wd ~\tg N-1A2SDAnK3NN........~\lu Mary~\wd ~\tg ~\lu )~\wd ~\tg v-S.....~\lu (~\wd ~\tg V-1AaCINEN...........~\lu read~\wd ~\tg ~\lu )~\wd ~\tg n-SPN.N........~\lu (~\wd ~\tg N-1A3SDASK3NN........~\lu book~\wd ~\tg ~\lu )~\wd ~\tg .-~\lu .~\wd ~\tg ~\lu }~\wd ~\tg c-IDp00NNNNNNNNNNN...............~\lu {~\wd ~\tg c-EDp00NNNNNNBNNNN...............~\lu [~\wd ~\tg P-1A.....~\lu while~\wd ~\tg n-SAN.N........~\lu (~\wd ~\tg N-1A1SDAnK1NN........~\lu John~\wd ~\tg ~\lu )~\wd ~\tg v-S.....~\lu (~\wd ~\tg V-1AaUINAN...........~\lu walk~\wd ~\tg ~\lu )~\wd ~\tg ~\lu ]~\wd ~\tg n-SAN.N........~\lu (~\wd ~\tg N-1A2SDAnK3NN........~\lu Mary~\wd ~\tg ~\lu )~\wd ~\tg v-S.....~\lu (~\wd ~\tg V-1AaCINEN...........~\lu read~\wd ~\tg ~\lu )~\wd ~\tg n-SPN.N........~\lu (~\wd ~\tg N-1A3SDASK3NN........~\lu book~\wd ~\tg ~\lu )~\wd ~\tg .-~\lu .~\wd ~\tg ~\lu }~\wd ~\tg c-IDp00NNNNNNNNNNN...............~\lu {~\wd ~\tg c-EDp00NNNNNNBNNNN...............~\lu [~\wd ~\tg P-1A.....~\lu while~\wd ~\tg n-SAN.N........~\lu (~\wd ~\tg N-1A1SDAnK1NN........~\lu John~\wd ~\tg ~\lu )~\wd ~\tg v-S.....~\lu (~\wd ~\tg V-1AaUINAN...........~\lu walk~\wd ~\tg ~\lu )~\wd ~\tg ~\lu ]~\wd ~\tg n-SAN.N........~\lu (~\wd ~\tg N-1A2SDAnK3NN........~\lu Mary~\wd ~\tg ~\lu )~\wd ~\tg v-S.....~\lu (~\wd ~\tg V-1AaCINEN...........~\lu read~\wd ~\tg ~\lu )~\wd ~\tg n-SPN.N........~\lu (~\wd ~\tg N-1A3SDASK3NN........~\lu book~\wd ~\tg ~\lu )~\wd ~\tg .-~\lu .~\wd ~\tg ~\lu }~\wd ~\tg c-IDp00NNNNNNNNNNN...............~\lu {~\wd ~\tg c-EDp00NNNNNNBNNNN...............~\lu [~\wd ~\tg P-1A.....~\lu while~\wd ~\tg n-SAN.N........~\lu (~\wd ~\tg N-1A1SDAnK1NN........~\lu John~\wd ~\tg ~\lu )~\wd ~\tg v-S.....~\lu (~\wd ~\tg V-1AaUINAN...........~\lu walk~\wd ~\tg ~\lu )~\wd ~\tg ~\lu ]~\wd ~\tg n-SAN.N........~\lu (~\wd ~\tg N-1A2SDAnK3NN........~\lu Mary~\wd ~\tg ~\lu )~\wd ~\tg v-S.....~\lu (~\wd ~\tg V-1AaCINEN...........~\lu read~\wd ~\tg ~\lu )~\wd ~\tg n-SPN.N........~\lu (~\wd ~\tg N-1A3SDASK3NN........~\lu book~\wd ~\tg ~\lu )~\wd ~\tg .-~\lu .~\wd ~\tg ~\lu }~\wd ~\tg c-IDp00NNNNNNNNNNN...............~\lu {~\wd ~\tg c-EDp00NNNNNNBNNNN...............~\lu [~\wd ~\tg P-1A.....~\lu while~\wd ~\tg n-SAN.N........~\lu (~\wd ~\tg N-1A1SDAnK1NN........~\lu John~\wd ~\tg ~\lu )~\wd ~\tg v-S.....~\lu (~\wd ~\tg V-1AaUINAN...........~\lu walk~\wd ~\tg ~\lu )~\wd ~\tg ~\lu ]~\wd ~\tg n-SAN.N........~\lu (~\wd ~\tg N-1A2SDAnK3NN........~\lu Mary~\wd ~\tg ~\lu )~\wd ~\tg v-S.....~\lu (~\wd ~\tg V-1AaCINEN...........~\lu read~\wd ~\tg ~\lu )~\wd ~\tg n-SPN.N........~\lu (~\wd ~\tg N-1A3SDASK3NN........~\lu book~\wd ~\tg ~\lu )~\wd ~\tg .-~\lu .~\wd ~\tg ~\lu }~\wd ~\tg c-IDp00NNNNNNNNNNN...............~\lu {~\wd ~\tg c-EDp00NNNNNNBNNNN...............~\lu [~\wd ~\tg P-1A.....~\lu while~\wd ~\tg n-SAN.N........~\lu (~\wd ~\tg N-1A1SDAnK1NN........~\lu John~\wd ~\tg ~\lu )~\wd ~\tg v-S.....~\lu (~\wd ~\tg V-1AaUINAN...........~\lu walk~\wd ~\tg ~\lu )~\wd ~\tg ~\lu ]~\wd ~\tg n-SAN.N........~\lu (~\wd ~\tg N-1A2SDAnK3NN........~\lu Mary~\wd ~\tg ~\lu )~\wd ~\tg v-S.....~\lu (~\wd ~\tg V-1AaCINEN...........~\lu read~\wd ~\tg ~\lu )~\wd ~\tg n-SPN.N........~\lu (~\wd ~\tg N-1A3SDASK3NN........~\lu book~\wd ~\tg ~\lu )~\wd ~\tg .-~\lu .~\wd ~\tg ~\lu }~\wd ~\tg c-IDp00NNNNNNNNNNN...............~\lu {~\wd ~\tg c-EDp00NNNNNNBNNNN...............~\lu [~\wd ~\tg P-1A.....~\lu while~\wd ~\tg n-SAN.N........~\lu (~\wd ~\tg N-1A1SDAnK1NN........~\lu John~\wd ~\tg ~\lu )~\wd ~\tg v-S.....~\lu (~\wd ~\tg V-1AaUINAN...........~\lu walk~\wd ~\tg ~\lu )~\wd ~\tg ~\lu ]~\wd ~\tg n-SAN.N........~\lu (~\wd ~\tg N-1A2SDAnK3NN........~\lu Mary~\wd ~\tg ~\lu )~\wd ~\tg v-S.....~\lu (~\wd ~\tg V-1AaCINEN...........~\lu read~\wd ~\tg ~\lu )~\wd ~\tg n-SPN.N........~\lu (~\wd ~\tg N-1A3SDASK3NN........~\lu book~\wd ~\tg ~\lu )~\wd ~\tg .-~\lu .~\wd ~\tg ~\lu }~\wd ~\tg c-IDp00NNNNNNNNNNN...............~\lu {~\wd ~\tg c-EDp00NNNNNNBNNNN...............~\lu [~\wd ~\tg P-1A.....~\lu while~\wd ~\tg n-SAN.N........~\lu (~\wd ~\tg N-1A1SDAnK1NN........~\lu John~\wd ~\tg ~\lu )~\wd ~\tg v-S.....~\lu (~\wd ~\tg V-1AaUINAN...........~\lu walk~\wd ~\tg ~\lu )~\wd ~\tg ~\lu ]~\wd ~\tg n-SAN.N........~\lu (~\wd ~\tg N-1A2SDAnK3NN........~\lu Mary~\wd ~\tg ~\lu )~\wd ~\tg v-S.....~\lu (~\wd ~\tg V-1AaCINEN...........~\lu read~\wd ~\tg ~\lu )~\wd ~\tg n-SPN.N........~\lu (~\wd ~\tg N-1A3SDASK3NN........~\lu book~\wd ~\tg ~\lu )~\wd ~\tg .-~\lu .~\wd ~\tg ~\lu }~\wd ~\tg c-IDp00NNNNNNNNNNN...............~\lu {~\wd ~\tg c-EDp00NNNNNNBNNNN...............~\lu [~\wd ~\tg P-1A.....~\lu while~\wd ~\tg n-SAN.N........~\lu (~\wd ~\tg N-1A1SDAnK1NN........~\lu John~\wd ~\tg ~\lu )~\wd ~\tg v-S.....~\lu (~\wd ~\tg V-1AaUINAN...........~\lu walk~\wd ~\tg ~\lu )~\wd ~\tg ~\lu ]~\wd ~\tg n-SAN.N........~\lu (~\wd ~\tg N-1A2SDAnK3NN........~\lu Mary~\wd ~\tg ~\lu )~\wd ~\tg v-S.....~\lu (~\wd ~\tg V-1AaCINEN...........~\lu read~\wd ~\tg ~\lu )~\wd ~\tg n-SPN.N........~\lu (~\wd ~\tg N-1A3SDASK3NN........~\lu book~\wd ~\tg ~\lu )~\wd ~\tg .-~\lu .~\wd ~\tg ~\lu }~\wd ~\tg c-IDp00NNNNNNNNNNN...............~\lu {~\wd ~\tg c-EDp00NNNNNNBNNNN...............~\lu [~\wd ~\tg P-1A.....~\lu while~\wd ~\tg n-SAN.N........~\lu (~\wd ~\tg N-1A1SDAnK1NN........~\lu John~\wd ~\tg ~\lu )~\wd ~\tg v-S.....~\lu (~\wd ~\tg V-1AaUINAN...........~\lu walk~\wd ~\tg ~\lu )~\wd ~\tg ~\lu ]~\wd ~\tg n-SAN.N........~\lu (~\wd ~\tg N-1A2SDAnK3NN........~\lu Mary~\wd ~\tg ~\lu )~\wd ~\tg v-S.....~\lu (~\wd ~\tg V-1AaCINEN...........~\lu read~\wd ~\tg ~\lu )~\wd ~\tg n-SPN.N........~\lu (~\wd ~\tg N-1A3SDASK3NN........~\lu book~\wd ~\tg ~\lu )~\wd ~\tg .-~\lu .~\wd ~\tg ~\lu }~|AJohn|AMary|Abook|||||||||||||||||||||||||||||||||,,,,
4,My Examples 1:4,,~\wd ~\tg c-IDp00NNNNNNNNNNN...............~\lu {~\wd ~\tg c-EDp00NNNNNNBNNNN...............~\lu [~\wd ~\tg P-1A.....~\lu while~\wd ~\tg n-SAN.N........~\lu (~\wd ~\tg N-1A1SDAnK1NN........~\lu John~\wd ~\tg ~\lu )~\wd ~\tg v-S.....~\lu (~\wd ~\tg V-1AaUINAN...........~\lu walk~\wd ~\tg ~\lu )~\wd ~\tg ~\lu ]~\wd ~\tg n-SAN.N........~\lu (~\wd ~\tg N-1A2SDAnK3NN........~\lu Mary~\wd ~\tg ~\lu )~\wd ~\tg v-S.....~\lu (~\wd ~\tg V-1AaCINEN...........~\lu read~\wd ~\tg ~\lu )~\wd ~\tg n-SPN.N........~\lu (~\wd ~\tg N-1A3SDASK3NN........~\lu book~\wd ~\tg ~\lu )~\wd ~\tg .-~\lu .~\wd ~\tg ~\lu }~\wd ~\tg c-IDp00NNNNNNNNNNN...............~\lu {~\wd ~\tg c-EDp00NNNNNNBNNNN...............~\lu [~\wd ~\tg P-1A.....~\lu while~\wd ~\tg n-SAN.N........~\lu (~\wd ~\tg N-1A1SDAnK1NN........~\lu John~\wd ~\tg ~\lu )~\wd ~\tg v-S.....~\lu (~\wd ~\tg V-1AaUINAN...........~\lu walk~\wd ~\tg ~\lu )~\wd ~\tg ~\lu ]~\wd ~\tg n-SAN.N........~\lu (~\wd ~\tg N-1A2SDAnK3NN........~\lu Mary~\wd ~\tg ~\lu )~\wd ~\tg v-S.....~\lu (~\wd ~\tg V-1AaCINEN...........~\lu read~\wd ~\tg ~\lu )~\wd ~\tg n-SPN.N........~\lu (~\wd ~\tg N-1A3SDASK3NN........~\lu book~\wd ~\tg ~\lu )~\wd ~\tg .-~\lu .~\wd ~\tg ~\lu }~\wd ~\tg c-IDp00NNNNNNNNNNN...............~\lu {~\wd ~\tg c-EDp00NNNNNNBNNNN...............~\lu [~\wd ~\tg P-1A.....~\lu while~\wd ~\tg n-SAN.N........~\lu (~\wd ~\tg N-1A1SDAnK1NN........~\lu John~\wd ~\tg ~\lu )~\wd ~\tg v-S.....~\lu (~\wd ~\tg V-1AaUINAN...........~\lu walk~\wd ~\tg ~\lu )~\wd ~\tg ~\lu ]~\wd ~\tg n-SAN.N........~\lu (~\wd ~\tg N-1A2SDAnK3NN........~\lu Mary~\wd ~\tg ~\lu )~\wd ~\tg v-S.....~\lu (~\wd ~\tg V-1AaCINEN...........~\lu read~\wd ~\tg ~\lu )~\wd ~\tg n-SPN.N........~\lu (~\wd ~\tg N-1A3SDASK3NN........~\lu book~\wd ~\tg ~\lu )~\wd ~\tg .-~\lu .~\wd ~\tg ~\lu }~\wd ~\tg c-IDp00NNNNNNNNNNN...............~\lu {~\wd ~\tg c-EDp00NNNNNNBNNNN...............~\lu [~\wd ~\tg P-1A.....~\lu while~\wd ~\tg n-SAN.N........~\lu (~\wd ~\tg N-1A1SDAnK1NN........~\lu John~\wd ~\tg ~\lu )~\wd ~\tg v-S.....~\lu (~\wd ~\tg V-1AaUINAN...........~\lu walk~\wd ~\tg ~\lu )~\wd ~\tg ~\lu ]~\wd ~\tg n-SAN.N........~\lu (~\wd ~\tg N-1A2SDAnK3NN........~\lu Mary~\wd ~\tg ~\lu )~\wd ~\tg v-S.....~\lu (~\wd ~\tg V-1AaCINEN...........~\lu read~\wd ~\tg ~\lu )~\wd ~\tg n-SPN.N........~\lu (~\wd ~\tg N-1A3SDASK3NN........~\lu book~\wd ~\tg ~\lu )~\wd ~\tg .-~\lu .~\wd ~\tg ~\lu }~\wd ~\tg c-IDp00NNNNNNNNNNN...............~\lu {~\wd ~\tg c-EDp00NNNNNNBNNNN...............~\lu [~\wd ~\tg P-1A.....~\lu while~\wd ~\tg n-SAN.N........~\lu (~\wd ~\tg N-1A1SDAnK1NN........~\lu John~\wd ~\tg ~\lu )~\wd ~\tg v-S.....~\lu (~\wd ~\tg V-1AaUINAN...........~\lu walk~\wd ~\tg ~\lu )~\wd ~\tg ~\lu ]~\wd ~\tg n-SAN.N........~\lu (~\wd ~\tg N-1A2SDAnK3NN........~\lu Mary~\wd ~\tg ~\lu )~\wd ~\tg v-S.....~\lu (~\wd ~\tg V-1AaCINEN...........~\lu read~\wd ~\tg ~\lu )~\wd ~\tg n-SPN.N........~\lu (~\wd ~\tg N-1A3SDASK3NN........~\lu book~\wd ~\tg ~\lu )~\wd ~\tg .-~\lu .~\wd ~\tg ~\lu }~\wd ~\tg c-IDp00NNNNNNNNNNN...............~\lu {~\wd ~\tg c-EDp00NNNNNNBNNNN...............~\lu [~\wd ~\tg P-1A.....~\lu while~\wd ~\tg n-SAN.N........~\lu (~\wd ~\tg N-1A1SDAnK1NN........~\lu John~\wd ~\tg ~\lu )~\wd ~\tg v-S.....~\lu (~\wd ~\tg V-1AaUINAN...........~\lu walk~\wd ~\tg ~\lu )~\wd ~\tg ~\lu ]~\wd ~\tg n-SAN.N........~\lu (~\wd ~\tg N-1A2SDAnK3NN........~\lu Mary~\wd ~\tg ~\lu )~\wd ~\tg v-S.....~\lu (~\wd ~\tg V-1AaCINEN...........~\lu read~\wd ~\tg ~\lu )~\wd ~\tg n-SPN.N........~\lu (~\wd ~\tg N-1A3SDASK3NN........~\lu book~\wd ~\tg ~\lu )~\wd ~\tg .-~\lu .~\wd ~\tg ~\lu }~\wd ~\tg c-IDp00NNNNNNNNNNN...............~\lu {~\wd ~\tg c-EDp00NNNNNNBNNNN...............~\lu [~\wd ~\tg P-1A.....~\lu while~\wd ~\tg n-SAN.N........~\lu (~\wd ~\tg N-1A1SDAnK1NN........~\lu John~\wd ~\tg ~\lu )~\wd ~\tg v-S.....~\lu (~\wd ~\tg V-1AaUINAN...........~\lu walk~\wd ~\tg ~\lu )~\wd ~\tg ~\lu ]~\wd ~\tg n-SAN.N........~\lu (~\wd ~\tg N-1A2SDAnK3NN........~\lu Mary~\wd ~\tg ~\lu )~\wd ~\tg v-S.....~\lu (~\wd ~\tg V-1AaCINEN...........~\lu read~\wd ~\tg ~\lu )~\wd ~\tg n-SPN.N........~\lu (~\wd ~\tg N-1A3SDASK3NN........~\lu book~\wd ~\tg ~\lu )~\wd ~\tg .-~\lu .~\wd ~\tg ~\lu }~\wd ~\tg c-IDp00NNNNNNNNNNN...............~\lu {~\wd ~\tg c-EDp00NNNNNNBNNNN...............~\lu [~\wd ~\tg P-1A.....~\lu while~\wd ~\tg n-SAN.N........~\lu (~\wd ~\tg N-1A1SDAnK1NN........~\lu John~\wd ~\tg ~\lu )~\wd ~\tg v-S.....~\lu (~\wd ~\tg V-1AaUINAN...........~\lu walk~\wd ~\tg ~\lu )~\wd ~\tg ~\lu ]~\wd ~\tg n-SAN.N........~\lu (~\wd ~\tg N-1A2SDAnK3NN........~\lu Mary~\wd ~\tg ~\lu )~\wd ~\tg v-S.....~\lu (~\wd ~\tg V-1AaCINEN...........~\lu read~\wd ~\tg ~\lu )~\wd ~\tg n-SPN.N........~\lu (~\wd ~\tg N-1A3SDASK3NN........~\lu book~\wd ~\tg ~\lu )~\wd ~\tg .-~\lu .~\wd ~\tg ~\lu }~\wd ~\tg c-IDp00NNNNNNNNNNN...............~\lu {~\wd ~\tg c-EDp00NNNNNNBNNNN...............~\lu [~\wd ~\tg P-1A.....~\lu while~\wd ~\tg n-SAN.N........~\lu (~\wd ~\tg N-1A1SDAnK1NN........~\lu John~\wd ~\tg ~\lu )~\wd ~\tg v-S.....~\lu (~\wd ~\tg V-1AaUINAN...........~\lu walk~\wd ~\tg ~\lu )~\wd ~\tg ~\lu ]~\wd ~\tg n-SAN.N........~\lu (~\wd ~\tg N-1A2SDAnK3NN........~\lu Mary~\wd ~\tg ~\lu )~\wd ~\tg v-S.....~\lu (~\wd ~\tg V-1AaCINEN...........~\lu read~\wd ~\tg ~\lu )~\wd ~\tg n-SPN.N........~\lu (~\wd ~\tg N-1A3SDASK3NN........~\lu book~\wd ~\tg ~\lu )~\wd ~\tg .-~\lu .~\wd ~\tg ~\lu }~\wd ~\tg c-IDp00NNNNNNNNNNN...............~\lu {~\wd ~\tg c-EDp00NNNNNNBNNNN...............~\lu [~\wd ~\tg P-1A.....~\lu while~\wd ~\tg n-SAN.N........~\lu (~\wd ~\tg N-1A1SDAnK1NN........~\lu John~\wd ~\tg ~\lu )~\wd ~\tg v-S.....~\lu (~\wd ~\tg V-1AaUINAN...........~\lu walk~\wd ~\tg ~\lu )~\wd ~\tg ~\lu ]~\wd ~\tg n-SAN.N........~\lu (~\wd ~\tg N-1A2SDAnK3NN........~\lu Mary~\wd ~\tg ~\lu )~\wd ~\tg v-S.....~\lu (~\wd ~\tg V-1AaCINEN...........~\lu read~\wd ~\tg ~\lu )~\wd ~\tg n-SPN.N........~\lu (~\wd ~\tg N-1A3SDASK3NN........~\lu book~\wd ~\tg ~\lu )~\wd ~\tg .-~\lu .~\wd ~\tg ~\lu }~\wd ~\tg c-IDp00NNNNNNNNNNN...............~\lu {~\wd ~\tg c-EDp00NNNNNNBNNNN...............~\lu [~\wd ~\tg P-1A.....~\lu while~\wd ~\tg n-SAN.N........~\lu (~\wd ~\tg N-1A1SDAnK1NN........~\lu John~\wd ~\tg ~\lu )~\wd ~\tg v-S.....~\lu (~\wd ~\tg V-1AaUINAN...........~\lu walk~\wd ~\tg ~\lu )~\wd ~\tg ~\lu ]~\wd ~\tg n-SAN.N........~\lu (~\wd ~\tg N-1A2SDAnK3NN........~\lu Mary~\wd ~\tg ~\lu )~\wd ~\tg v-S.....~\lu (~\wd ~\tg V-1AaCINEN...........~\lu read~\wd ~\tg ~\lu )~\wd ~\tg n-SPN.N........~\lu (~\wd ~\tg N-1A3SDASK3NN........~\lu book~\wd ~\tg ~\lu )~\wd ~\tg .-~\lu .~\wd ~\tg ~\lu }~\wd ~\tg c-IDp00NNNNNNNNNNN...............~\lu {~\wd ~\tg c-EDp00NNNNNNBNNNN...............~\lu [~\wd ~\tg P-1A.....~\lu while~\wd ~\tg n-SAN.N........~\lu (~\wd ~\tg N-1A1SDAnK1NN........~\lu John~\wd ~\tg ~\lu )~\wd ~\tg v-S.....~\lu (~\wd ~\tg V-1AaUINAN...........~\lu walk~\wd ~\tg ~\lu )~\wd ~\tg ~\lu ]~\wd ~\tg n-SAN.N........~\lu (~\wd ~\tg N-1A2SDAnK3NN........~\lu Mary~\wd ~\tg ~\lu )~\wd ~\tg v-S.....~\lu (~\wd ~\tg V-1AaCINEN...........~\lu read~\wd ~\tg ~\lu )~\wd ~\tg n-SPN.N........~\lu (~\wd ~\tg N-1A3SDASK3NN........~\lu book~\wd ~\tg ~\lu )~\wd ~\tg .-~\lu .~\wd ~\tg ~\lu }~\wd ~\tg c-IDp00NNNNNNNNNNN...............~\lu {~\wd ~\tg c-EDp00NNNNNNBNNNN...............~\lu [~\wd ~\tg P-1A.....~\lu while~\wd ~\tg n-SAN.N........~\lu (~\wd ~\tg N-1A1SDAnK1NN........~\lu John~\wd ~\tg ~\lu )~\wd ~\tg v-S.....~\lu (~\wd ~\tg V-1AaUINAN...........~\lu walk~\wd ~\tg ~\lu )~\wd ~\tg ~\lu ]~\wd ~\tg n-SAN.N........~\lu (~\wd ~\tg N-1A2SDAnK3NN........~\lu Mary~\wd ~\tg ~\lu )~\wd ~\tg v-S.....~\lu (~\wd ~\tg V-1AaCINEN...........~\lu read~\wd ~\tg ~\lu )~\wd ~\tg n-SPN.N........~\lu (~\wd ~\tg N-1A3SDASK3NN........~\lu book~\wd ~\tg ~\lu )~\wd ~\tg .-~\lu .~\wd ~\tg ~\lu }~|AJohn|AMary|Abook|||||||||||||||||||||||||||||||||,,,,
5,My Examples 1:5,,~\wd ~\tg c-IDp00NNNNNNNNNNN...............~\lu {~\wd ~\tg c-EDp00NNNNNNBNNNN...............~\lu [~\wd ~\tg P-1A.....~\lu while~\wd ~\tg n-SAN.N.......O~\lu (~\wd ~\tg N-1A1SDAnK1NN........~\lu John~\wd ~\tg ~\lu )~\wd ~\tg v-S.....~\lu (~\wd ~\tg V-1AaUINAN..........~\lu walk~\wd ~\tg ~\lu )~\wd ~\tg ~\lu ]~\wd ~\tg n-SAN.N........~\lu (~\wd ~\tg N-1A2SDAnK3NN........~\lu Mary~\wd ~\tg ~\lu )~\wd ~\tg v-S.....~\lu (~\wd ~\tg V-1AaCINEN..........~\lu read~\wd ~\tg ~\lu )~\wd ~\tg n-SPN.N........~\lu (~\wd ~\tg N-1A3SDASK3NN........~\lu book~\wd ~\tg ~\lu )~\wd ~\tg .-period~\lu .~\wd ~\tg ~\lu }~\wd ~\tg c-IDp00NNNNNNNNNNN...............~\lu {~\wd ~\tg c-EDp00NNNNNNBNNNN...............~\lu [~\wd ~\tg P-1A.....~\lu while~\wd ~\tg n-SAN.N.......I~\lu (~\wd ~\tg N-1A4SDAnK1NN........~\lu John~\wd ~\tg ~\lu )~\wd ~\tg v-S.....~\lu (~\wd ~\tg V-1AaUINAN..........~\lu walk~\wd ~\tg ~\lu )~\wd ~\tg ~\lu ]~\wd ~\tg n-SAN.N........~\lu (~\wd ~\tg N-1A5SDAnK3NN........~\lu Mary~\wd ~\tg ~\lu )~\wd ~\tg v-S.....~\lu (~\wd ~\tg V-1AaCINEN..........~\lu read~\wd ~\tg ~\lu )~\wd ~\tg n-SPN.N........~\lu (~\wd ~\tg N-1A6SDASK3NN........~\lu book~\wd ~\tg ~\lu )~\wd ~\tg .-period~\lu .~\wd ~\tg ~\lu }~|AJohn|AMary|Abook|AJohn|AMary|Abook||||||||||||||||||||||||||||||,,,,
6,My Examples 1:6,,~\wd ~\tg c-IDp00NNNNNNNNNNN.......~\lu {~\wd ~\tg n-SAN.N........~\lu (~\wd ~\tg N-1A1SDAnK3NN........~\lu Goliath~\wd ~\tg ~\lu )~\wd ~\tg v-S.....~\lu (~\wd ~\tg V-1BrUINAN...........~\lu laugh~\wd ~\tg ~\lu )~\wd ~\tg n-FPN.N........~\lu (~\wd ~\tg N-1A2PFAnK3NN........~\lu soldier~\wd ~\tg n-SNN.N........~\lu (~\wd ~\tg P-1A.....~\lu -Generic Genitive~\wd ~\tg N-1A3SDAnK3NN........~\lu Israel~\wd ~\tg ~\lu )~\wd ~\tg ~\lu )~\wd ~\tg n-LPN.N........~\lu (~\wd ~\tg C-1B.....~\lu and~\wd ~\tg N-1A4SFAnK3NN........~\lu God~\wd ~\tg n-SNN.N........~\lu (~\wd ~\tg P-1A.....~\lu -Generic Genitive~\wd ~\tg N-1A3SDAnK3NN........~\lu Israel~\wd ~\tg ~\lu )~\wd ~\tg ~\lu )~\wd ~\tg .-~\lu .~\wd ~\tg ~\lu }~|AGoliath|Asoldier|AIsrael|AGod||||||||||||||||||||||||||||||||,,,,
7,My Examples 1:7,,~\wd ~\tg c-IYp00NNNNNNNNNNN.......~\lu {~\wd ~\tg n-SAN.N........~\lu (~\wd ~\tg N-1A1SDAnK3NN........~\lu John~\wd ~\tg ~\lu )~\wd ~\tg v-S.....~\lu (~\wd ~\tg V-1ArUINAN...........~\lu die~\wd ~\tg ~\lu )~\wd ~\tg n-SNN.N........~\lu (~\wd ~\tg P-1E.....~\lu on~\wd ~\tg j-SA.....~\lu (~\wd ~\tg A-1AN.....~\lu seventh~\wd ~\tg ~\lu )~\wd ~\tg N-1A2SDAnK3NT........~\lu day~\wd ~\tg n-SNN.N........~\lu (~\wd ~\tg P-1A.....~\lu -Generic Genitive~\wd ~\tg N-1A3SIAnK3NN........~\lu week~\wd ~\tg ~\lu )~\wd ~\tg ~\lu )~\wd ~\tg .-~\lu .~\wd ~\tg ~\lu }~|AJohn|Aday|Aweek|||||||||||||||||||||||||||||||||,,,,
8,My Examples 1:8,,~\wd ~\tg c-IDp00NNNNNNNNNNN.......~\lu {~\wd ~\tg n-SAN.N........~\lu (~\wd ~\tg N-1A1SDAnK3NN........~\lu John~\wd ~\tg ~\lu )~\wd ~\tg v-S.....~\lu (~\wd ~\tg V-1ArUINAN...........~\lu promise~\wd ~\tg ~\lu )~\wd ~\tg n-SPN.N........~\lu (~\wd ~\tg N-1A2SDAnK3NN........~\lu Mary~\wd ~\tg ~\lu )~\wd ~\tg c-PDp00NNNNNNNNNNN...............~\lu [~\wd ~\tg n-SAN.N........~\lu (~\wd ~\tg N-1A1SDAnK3NN........~\lu John~\wd ~\tg ~\lu )~\wd ~\tg v-S.....~\lu (~\wd ~\tg V-1AlUINAN...........~\lu read~\wd ~\tg ~\lu )~\wd ~\tg n-SPN.N........~\lu (~\wd ~\tg N-1A3SDAnK3NN........~\lu book~\wd ~\tg ~\lu )~\wd ~\tg ~\lu ]~\wd ~\tg .-~\lu .~\wd ~\tg ~\lu }~|AJohn|AMary|Abook|||||||||||||||||||||||||||||||||,,,,
9,My Examples 1:9,,~\wd ~\tg c-IDp00NNNNNNNNNNNNN.............~\lu {~\wd ~\tg n-SAN.N........~\lu (~\wd ~\tg N-1A1SDAnK3NN........~\lu John~\wd ~\tg ~\lu )~\wd ~\tg v-S.....~\lu (~\wd ~\tg V-1ArUINNN...........~\lu eat~\wd ~\tg ~\lu )~\wd ~\tg n-SPN.N........~\lu (~\wd ~\tg N-1A2SIAnK3NN........~\lu thing~\wd ~\tg ~\lu )~\wd ~\tg .-~\lu .~\wd ~\tg ~\lu }~|AJohn|Athing||||||||||||||||||||||||||||||||||,,,,
10,My Examples 1:10,,~\wd ~\tg c-IDp00NNNNNNNNNNNNN.............~\lu {~\wd ~\tg n-SAN.N........~\lu (~\wd ~\tg N-1A1SDAnK3NN........~\lu John~\wd ~\tg ~\lu )~\wd ~\tg v-S.....~\lu (~\wd ~\tg V-1BrUINAN...........~\lu argue~\wd ~\tg ~\lu )~\wd ~\tg n-SPN.N........~\lu (~\wd ~\tg N-1A2SDAnK3NN........~\lu Mary~\wd ~\tg ~\lu )~\wd ~\tg c-PDp00NNNNNNNNNNNNN.............~\lu [~\wd ~\tg n-SAN.N........~\lu (~\wd ~\tg N-1A3SQAnK3NN........~\lu disciple~\wd ~\tg ~\lu )~\wd ~\tg v-S.....~\lu (~\wd ~\tg V-1BrUgNAN...........~\lu be~\wd ~\tg ~\lu )~\wd ~\tg n-SSN.N........~\lu (~\wd ~\tg j-SA.....~\lu (~\wd ~\tg A-1AS.....~\lu important~\wd ~\tg ~\lu )~\wd ~\tg N-1A4SDAnK3NN........~\lu disciple~\wd ~\tg ~\lu )~\wd ~\tg ~\lu ]~\wd ~\tg .-~\lu .~\wd ~\tg ~\lu }~|AJohn|AMary|Adisciple|Adisciple||||||||||||||||||||||||||||||||,,,,
11,My Examples 1:11,,~\wd ~\tg c-IDp00NNNNNNNNNNNNN.............~\lu {~\wd ~\tg n-SAN.N........~\lu (~\wd ~\tg N-1A1SDAnK3NN........~\lu John~\wd ~\tg ~\lu )~\wd ~\tg v-S.....~\lu (~\wd ~\tg V-1ArUINAN...........~\lu see~\wd ~\tg ~\lu )~\wd ~\tg n-SPN.N........~\lu (~\wd ~\tg N-1A2SDAnK3NN........~\lu follower/Adisciple~\wd ~\tg n-SNN.N........~\lu (~\wd ~\tg P-1A.....~\lu -Generic Genitive~\wd ~\tg N-1A3SDAnK3NN........~\lu Mary~\wd ~\tg ~\lu )~\wd ~\tg ~\lu )~\wd ~\tg .-~\lu .~\wd ~\tg ~\lu }~|AJohn|Afollower/Adisciple|AMary|||||||||||||||||||||||||||||||||,,,,
12,My Examples 1:12,John saw the sun [that rises in the morning].,~\wd ~\tg c-IDp00NNNNNNNNNNNNN.............~\lu {~\wd ~\tg n-SAN.N........~\lu (~\wd ~\tg N-1A1SDAnK3NN........~\lu John~\wd ~\tg ~\lu )~\wd ~\tg v-S.....~\lu (~\wd ~\tg V-1ArUINAN...........~\lu see~\wd ~\tg ~\lu )~\wd ~\tg n-SPN.N........~\lu (~\wd ~\tg N-1A2SDAnK3NN........~\lu sun~\wd ~\tg c-tDp00NNNNNNNNNNNNN.............~\lu [~\wd ~\tg n-SAN.N........~\lu (~\wd ~\tg N-1A2SDAnK3NN........~\lu sun~\wd ~\tg ~\lu )~\wd ~\tg v-S.....~\lu (~\wd ~\tg V-1BPUINAN...........~\lu rise~\wd ~\tg ~\lu )~\wd ~\tg n-SNN.N........~\lu (~\wd ~\tg P-1E.....~\lu in~\wd ~\tg N-1A3SDAnK3NN........~\lu morning~\wd ~\tg ~\lu )~\wd ~\tg ~\lu ]~\wd ~\tg ~\lu )~\wd ~\tg .-~\lu .~\wd ~\tg ~\lu }~|AJohn|Asun|Amorning|||||||||||||||||||||||||||||||||,,,,
13,My Examples 1:13,,~\wd ~\tg c-IDp00NNNNNNNNNNN.......~\lu {~\wd ~\tg .-~\lu .~\wd ~\tg ~\lu }~||||||||||||||||||||||||||||||||||||,,,,
14,My Examples 1:14,,~\wd ~\tg c-IDp00NNNNNNNNNNN.......~\lu {~\wd ~\tg .-~\lu .~\wd ~\tg ~\lu }~||||||||||||||||||||||||||||||||||||,,,,
15,My Examples 1:15,,~\wd ~\tg c-IDp00NNNNNNNNNNN.......~\lu {~\wd ~\tg .-~\lu .~\wd ~\tg ~\lu }~||||||||||||||||||||||||||||||||||||,,,,
16,My Examples 1:16,,~\wd ~\tg c-IDp00NNNNNNNNNNN.......~\lu {~\wd ~\tg .-~\lu .~\wd ~\tg ~\lu }~||||||||||||||||||||||||||||||||||||,,,,
17,My Examples 1:17,,~\wd ~\tg c-IDp00NNNNNNNNNNN.......~\lu {~\wd ~\tg .-~\lu .~\wd ~\tg ~\lu }~||||||||||||||||||||||||||||||||||||,,,,
18,My Examples 1:18,,~\wd ~\tg c-IDp00NNNNNNNNNNN.......~\lu {~\wd ~\tg .-~\lu .~\wd ~\tg ~\lu }~||||||||||||||||||||||||||||||||||||,,,,
19,My Examples 1:19,,~\wd ~\tg c-IDp00NNNNNNNNNNN.......~\lu {~\wd ~\tg .-~\lu .~\wd ~\tg ~\lu }~||||||||||||||||||||||||||||||||||||,,,,
20,My Examples 1:20,,~\wd ~\tg c-IDp00NNNNNNNNNNN.......~\lu {~\wd ~\tg .-~\lu .~\wd ~\tg ~\lu }~||||||||||||||||||||||||||||||||||||,,,,
21,My Examples 1:21,,~\wd ~\tg c-IDp00NNNNNNNNNNN.......~\lu {~\wd ~\tg .-~\lu .~\wd ~\tg ~\lu }~||||||||||||||||||||||||||||||||||||,,,,
22,My Examples 1:22,,~\wd ~\tg c-IDp00NNNNNNNNNNN.......~\lu {~\wd ~\tg .-~\lu .~\wd ~\tg ~\lu }~||||||||||||||||||||||||||||||||||||,,,,
23,My Examples 1:23,,~\wd ~\tg c-IDp00NNNNNNNNNNN.......~\lu {~\wd ~\tg .-~\lu .~\wd ~\tg ~\lu }~||||||||||||||||||||||||||||||||||||,,,,
24,My Examples 1:24,,~\wd ~\tg c-IDp00NNNNNNNNNNN.......~\lu {~\wd ~\tg .-~\lu .~\wd ~\tg ~\lu }~||||||||||||||||||||||||||||||||||||,,,,
25,My Examples 1:25,,~\wd ~\tg c-IDp00NNNNNNNNNNN.......~\lu {~\wd ~\tg .-~\lu .~\wd ~\tg ~\lu }~||||||||||||||||||||||||||||||||||||,,,,
26,My Examples 1:26,,~\wd ~\tg c-IDp00NNNNNNNNNNN.......~\lu {~\wd ~\tg .-~\lu .~\wd ~\tg ~\lu }~||||||||||||||||||||||||||||||||||||,,,,
27,My Examples 1:27,,~\wd ~\tg c-IDp00NNNNNNNNNNN.......~\lu {~\wd ~\tg .-~\lu .~\wd ~\tg ~\lu }~||||||||||||||||||||||||||||||||||||,,,,
28,My Examples 1:28,,~\wd ~\tg c-IDp00NNNNNNNNNNN.......~\lu {~\wd ~\tg .-~\lu .~\wd ~\tg ~\lu }~||||||||||||||||||||||||||||||||||||,,,,
29,My Examples 1:29,,~\wd ~\tg c-IDp00NNNNNNNNNNN.......~\lu {~\wd ~\tg .-~\lu .~\wd ~\tg ~\lu }~||||||||||||||||||||||||||||||||||||,,,,
30,My Examples 1:30,,~\wd ~\tg c-IDp00NNNNNNNNNNN.......~\lu {~\wd ~\tg .-~\lu .~\wd ~\tg ~\lu }~||||||||||||||||||||||||||||||||||||,,,,
31,My Examples 1:31,,~\wd ~\tg c-IDp00NNNNNNNNNNN.......~\lu {~\wd ~\tg .-~\lu .~\wd ~\tg ~\lu }~||||||||||||||||||||||||||||||||||||,,,,
32,My Examples 1:32,,~\wd ~\tg c-IDp00NNNNNNNNNNN.......~\lu {~\wd ~\tg .-~\lu .~\wd ~\tg ~\lu }~||||||||||||||||||||||||||||||||||||,,,,
33,My Examples 1:33,,~\wd ~\tg c-IDp00NNNNNNNNNNN.......~\lu {~\wd ~\tg .-~\lu .~\wd ~\tg ~\lu }~||||||||||||||||||||||||||||||||||||,,,,
34,My Examples 1:34,,~\wd ~\tg c-IDp00NNNNNNNNNNN.......~\lu {~\wd ~\tg .-~\lu .~\wd ~\tg ~\lu }~||||||||||||||||||||||||||||||||||||,,,,
35,My Examples 1:35,,~\wd ~\tg c-IDp00NNNNNNNNNNN.......~\lu {~\wd ~\tg .-~\lu .~\wd ~\tg ~\lu }~||||||||||||||||||||||||||||||||||||,,,,
36,My Examples 1:36,,~\wd ~\tg c-IDp00NNNNNNNNNNN.......~\lu {~\wd ~\tg .-~\lu .~\wd ~\tg ~\lu }~||||||||||||||||||||||||||||||||||||,,,,
37,My Examples 1:37,,~\wd ~\tg c-IDp00NNNNNNNNNNN.......~\lu {~\wd ~\tg .-~\lu .~\wd ~\tg ~\lu }~||||||||||||||||||||||||||||||||||||,,,,
38,My Examples 1:38,,~\wd ~\tg c-IDp00NNNNNNNNNNN.......~\lu {~\wd ~\tg .-~\lu .~\wd ~\tg ~\lu }~||||||||||||||||||||||||||||||||||||,,,,
39,My Examples 1:39,,~\wd ~\tg c-IDp00NNNNNNNNNNN.......~\lu {~\wd ~\tg .-~\lu .~\wd ~\tg ~\lu }~||||||||||||||||||||||||||||||||||||,,,,
40,My Examples 1:40,,~\wd ~\tg c-IDp00NNNNNNNNNNN.......~\lu {~\wd ~\tg .-~\lu .~\wd ~\tg ~\lu }~||||||||||||||||||||||||||||||||||||,,,,
41,My Examples 1:41,,~\wd ~\tg c-IDp00NNNNNNNNNNN.......~\lu {~\wd ~\tg .-~\lu .~\wd ~\tg ~\lu }~||||||||||||||||||||||||||||||||||||,,,,
42,My Examples 1:42,,~\wd ~\tg c-IDp00NNNNNNNNNNN.......~\lu {~\wd ~\tg .-~\lu .~\wd ~\tg ~\lu }~||||||||||||||||||||||||||||||||||||,,,,
43,My Examples 1:43,,~\wd ~\tg c-IDp00NNNNNNNNNNN.......~\lu {~\wd ~\tg .-~\lu .~\wd ~\tg ~\lu }~||||||||||||||||||||||||||||||||||||,,,,
44,My Examples 1:44,,~\wd ~\tg c-IDp00NNNNNNNNNNN.......~\lu {~\wd ~\tg .-~\lu .~\wd ~\tg ~\lu }~||||||||||||||||||||||||||||||||||||,,,,
45,My Examples 1:45,,~\wd ~\tg c-IDp00NNNNNNNNNNN.......~\lu {~\wd ~\tg .-~\lu .~\wd ~\tg ~\lu }~||||||||||||||||||||||||||||||||||||,,,,
46,My Examples 1:46,,~\wd ~\tg c-IDp00NNNNNNNNNNN.......~\lu {~\wd ~\tg .-~\lu .~\wd ~\tg ~\lu }~||||||||||||||||||||||||||||||||||||,,,,
47,My Examples 1:47,,~\wd ~\tg c-IDp00NNNNNNNNNNN.......~\lu {~\wd ~\tg .-~\lu .~\wd ~\tg ~\lu }~||||||||||||||||||||||||||||||||||||,,,,
48,My Examples 1:48,,~\wd ~\tg c-IDp00NNNNNNNNNNN.......~\lu {~\wd ~\tg .-~\lu .~\wd ~\tg ~\lu }~||||||||||||||||||||||||||||||||||||,,,,
49,My Examples 1:49,,~\wd ~\tg c-IDp00NNNNNNNNNNN.......~\lu {~\wd ~\tg .-~\lu .~\wd ~\tg ~\lu }~||||||||||||||||||||||||||||||||||||,,,,
50,My Examples 1:50,,~\wd ~\tg c-IDp00NNNNNNNNNNN.......~\lu {~\wd ~\tg .-~\lu .~\wd ~\tg ~\lu }~||||||||||||||||||||||||||||||||||||,,,,
51,My Examples 1:51,,~\wd ~\tg c-IDp00NNNNNNNNNNN.......~\lu {~\wd ~\tg .-~\lu .~\wd ~\tg ~\lu }~||||||||||||||||||||||||||||||||||||,,,,
52,My Examples 1:52,,~\wd ~\tg c-IDp00NNNNNNNNNNN.......~\lu {~\wd ~\tg .-~\lu .~\wd ~\tg ~\lu }~||||||||||||||||||||||||||||||||||||,,,,
53,My Examples 1:53,,~\wd ~\tg c-IDp00NNNNNNNNNNN.......~\lu {~\wd ~\tg .-~\lu .~\wd ~\tg ~\lu }~||||||||||||||||||||||||||||||||||||,,,,
54,My Examples 1:54,,~\wd ~\tg c-IDp00NNNNNNNNNNN.......~\lu {~\wd ~\tg .-~\lu .~\wd ~\tg ~\lu }~||||||||||||||||||||||||||||||||||||,,,,
55,My Examples 1:55,,~\wd ~\tg c-IDp00NNNNNNNNNNN.......~\lu {~\wd ~\tg .-~\lu .~\wd ~\tg ~\lu }~||||||||||||||||||||||||||||||||||||,,,,
56,My Examples 1:56,,~\wd ~\tg c-IDp00NNNNNNNNNNN.......~\lu {~\wd ~\tg .-~\lu .~\wd ~\tg ~\lu }~||||||||||||||||||||||||||||||||||||,,,,
57,My Examples 1:57,,~\wd ~\tg c-IDp00NNNNNNNNNNN.......~\lu {~\wd ~\tg .-~\lu .~\wd ~\tg ~\lu }~||||||||||||||||||||||||||||||||||||,,,,
58,My Examples 1:58,,~\wd ~\tg c-IDp00NNNNNNNNNNN.......~\lu {~\wd ~\tg .-~\lu .~\wd ~\tg ~\lu }~||||||||||||||||||||||||||||||||||||,,,,
59,My Examples 1:59,,~\wd ~\tg c-IDp00NNNNNNNNNNN.......~\lu {~\wd ~\tg .-~\lu .~\wd ~\tg ~\lu }~||||||||||||||||||||||||||||||||||||,,,,
60,My Examples 1:60,,~\wd ~\tg c-IDp00NNNNNNNNNNN.......~\lu {~\wd ~\tg .-~\lu .~\wd ~\tg ~\lu }~||||||||||||||||||||||||||||||||||||,,,,
61,My Examples 1:61,,~\wd ~\tg c-IDp00NNNNNNNNNNN.......~\lu {~\wd ~\tg .-~\lu .~\wd ~\tg ~\lu }~||||||||||||||||||||||||||||||||||||,,,,
62,My Examples 1:62,,~\wd ~\tg c-IDp00NNNNNNNNNNN.......~\lu {~\wd ~\tg .-~\lu .~\wd ~\tg ~\lu }~||||||||||||||||||||||||||||||||||||,,,,
63,My Examples 1:63,,~\wd ~\tg c-IDp00NNNNNNNNNNN.......~\lu {~\wd ~\tg .-~\lu .~\wd ~\tg ~\lu }~||||||||||||||||||||||||||||||||||||,,,,
64,My Examples 1:64,,~\wd ~\tg c-IDp00NNNNNNNNNNN.......~\lu {~\wd ~\tg .-~\lu .~\wd ~\tg ~\lu }~||||||||||||||||||||||||||||||||||||,,,,
65,My Examples 1:65,,~\wd ~\tg c-IDp00NNNNNNNNNNN.......~\lu {~\wd ~\tg .-~\lu .~\wd ~\tg ~\lu }~||||||||||||||||||||||||||||||||||||,,,,
66,My Examples 1:66,,~\wd ~\tg c-IDp00NNNNNNNNNNN.......~\lu {~\wd ~\tg .-~\lu .~\wd ~\tg ~\lu }~||||||||||||||||||||||||||||||||||||,,,,
67,My Examples 1:67,,~\wd ~\tg c-IDp00NNNNNNNNNNN.......~\lu {~\wd ~\tg .-~\lu .~\wd ~\tg ~\lu }~||||||||||||||||||||||||||||||||||||,,,,
68,My Examples 1:68,,~\wd ~\tg c-IDp00NNNNNNNNNNN.......~\lu {~\wd ~\tg .-~\lu .~\wd ~\tg ~\lu }~||||||||||||||||||||||||||||||||||||,,,,
69,My Examples 1:69,,~\wd ~\tg c-IDp00NNNNNNNNNNN.......~\lu {~\wd ~\tg .-~\lu .~\wd ~\tg ~\lu }~||||||||||||||||||||||||||||||||||||,,,,
70,My Examples 1:70,,~\wd ~\tg c-IDp00NNNNNNNNNNN.......~\lu {~\wd ~\tg .-~\lu .~\wd ~\tg ~\lu }~||||||||||||||||||||||||||||||||||||,,,,
71,My Examples 1:71,,~\wd ~\tg c-IDp00NNNNNNNNNNN.......~\lu {~\wd ~\tg .-~\lu .~\wd ~\tg ~\lu }~||||||||||||||||||||||||||||||||||||,,,,
72,My Examples 1:72,,~\wd ~\tg c-IDp00NNNNNNNNNNN.......~\lu {~\wd ~\tg .-~\lu .~\wd ~\tg ~\lu }~||||||||||||||||||||||||||||||||||||,,,,
73,My Examples 1:73,,~\wd ~\tg c-IDp00NNNNNNNNNNN.......~\lu {~\wd ~\tg .-~\lu .~\wd ~\tg ~\lu }~||||||||||||||||||||||||||||||||||||,,,,
74,My Examples 1:74,,~\wd ~\tg c-IDp00NNNNNNNNNNN.......~\lu {~\wd ~\tg .-~\lu .~\wd ~\tg ~\lu }~||||||||||||||||||||||||||||||||||||,,,,
75,My Examples 1:75,,~\wd ~\tg c-IDp00NNNNNNNNNNN.......~\lu {~\wd ~\tg .-~\lu .~\wd ~\tg ~\lu }~||||||||||||||||||||||||||||||||||||,,,,
76,My Examples 1:76,,~\wd ~\tg c-IDp00NNNNNNNNNNN.......~\lu {~\wd ~\tg .-~\lu .~\wd ~\tg ~\lu }~||||||||||||||||||||||||||||||||||||,,,,
77,My Examples 1:77,,~\wd ~\tg c-IDp00NNNNNNNNNNN.......~\lu {~\wd ~\tg .-~\lu .~\wd ~\tg ~\lu }~||||||||||||||||||||||||||||||||||||,,,,
78,My Examples 1:78,,~\wd ~\tg c-IDp00NNNNNNNNNNN.......~\lu {~\wd ~\tg .-~\lu .~\wd ~\tg ~\lu }~||||||||||||||||||||||||||||||||||||,,,,
79,My Examples 1:79,,~\wd ~\tg c-IDp00NNNNNNNNNNN.......~\lu {~\wd ~\tg .-~\lu .~\wd ~\tg ~\lu }~||||||||||||||||||||||||||||||||||||,,,,
80,My Examples 1:80,,~\wd ~\tg c-IDp00NNNNNNNNNNN.......~\lu {~\wd ~\tg .-~\lu .~\wd ~\tg ~\lu }~||||||||||||||||||||||||||||||||||||,,,,
81,My Examples 1:81,,~\wd ~\tg c-IDp00NNNNNNNNNNN.......~\lu {~\wd ~\tg .-~\lu .~\wd ~\tg ~\lu }~||||||||||||||||||||||||||||||||||||,,,,
82,My Examples 1:82,,~\wd ~\tg c-IDp00NNNNNNNNNNN.......~\lu {~\wd ~\tg .-~\lu .~\wd ~\tg ~\lu }~||||||||||||||||||||||||||||||||||||,,,,
83,My Examples 1:83,,~\wd ~\tg c-IDp00NNNNNNNNNNN.......~\lu {~\wd ~\tg .-~\lu .~\wd ~\tg ~\lu }~||||||||||||||||||||||||||||||||||||,,,,
84,My Examples 1:84,,~\wd ~\tg c-IDp00NNNNNNNNNNN.......~\lu {~\wd ~\tg .-~\lu .~\wd ~\tg ~\lu }~||||||||||||||||||||||||||||||||||||,,,,
85,My Examples 1:85,,~\wd ~\tg c-IDp00NNNNNNNNNNN.......~\lu {~\wd ~\tg .-~\lu .~\wd ~\tg ~\lu }~||||||||||||||||||||||||||||||||||||,,,,
86,My Examples 1:86,,~\wd ~\tg c-IDp00NNNNNNNNNNN.......~\lu {~\wd ~\tg .-~\lu .~\wd ~\tg ~\lu }~||||||||||||||||||||||||||||||||||||,,,,
87,My Examples 1:87,,~\wd ~\tg c-IDp00NNNNNNNNNNN.......~\lu {~\wd ~\tg .-~\lu .~\wd ~\tg ~\lu }~||||||||||||||||||||||||||||||||||||,,,,
88,My Examples 1:88,,~\wd ~\tg c-IDp00NNNNNNNNNNN.......~\lu {~\wd ~\tg .-~\lu .~\wd ~\tg ~\lu }~||||||||||||||||||||||||||||||||||||,,,,
89,My Examples 1:89,,~\wd ~\tg c-IDp00NNNNNNNNNNN.......~\lu {~\wd ~\tg .-~\lu .~\wd ~\tg ~\lu }~||||||||||||||||||||||||||||||||||||,,,,
90,My Examples 1:90,,~\wd ~\tg c-IDp00NNNNNNNNNNN.......~\lu {~\wd ~\tg .-~\lu .~\wd ~\tg ~\lu }~||||||||||||||||||||||||||||||||||||,,,,
91,My Examples 1:91,,~\wd ~\tg c-IDp00NNNNNNNNNNN.......~\lu {~\wd ~\tg .-~\lu .~\wd ~\tg ~\lu }~||||||||||||||||||||||||||||||||||||,,,,
92,My Examples 1:92,,~\wd ~\tg c-IDp00NNNNNNNNNNN.......~\lu {~\wd ~\tg .-~\lu .~\wd ~\tg ~\lu }~||||||||||||||||||||||||||||||||||||,,,,
93,My Examples 1:93,,~\wd ~\tg c-IDp00NNNNNNNNNNN.......~\lu {~\wd ~\tg .-~\lu .~\wd ~\tg ~\lu }~||||||||||||||||||||||||||||||||||||,,,,
94,My Examples 1:94,,~\wd ~\tg c-IDp00NNNNNNNNNNN.......~\lu {~\wd ~\tg .-~\lu .~\wd ~\tg ~\lu }~||||||||||||||||||||||||||||||||||||,,,,
95,My Examples 1:95,,~\wd ~\tg c-IDp00NNNNNNNNNNN.......~\lu {~\wd ~\tg .-~\lu .~\wd ~\tg ~\lu }~||||||||||||||||||||||||||||||||||||,,,,
96,My Examples 1:96,,~\wd ~\tg c-IDp00NNNNNNNNNNN.......~\lu {~\wd ~\tg .-~\lu .~\wd ~\tg ~\lu }~||||||||||||||||||||||||||||||||||||,,,,
97,My Examples 1:97,,~\wd ~\tg c-IDp00NNNNNNNNNNN.......~\lu {~\wd ~\tg .-~\lu .~\wd ~\tg ~\lu }~||||||||||||||||||||||||||||||||||||,,,,
98,My Examples 1:98,,~\wd ~\tg c-IDp00NNNNNNNNNNN.......~\lu {~\wd ~\tg .-~\lu .~\wd ~\tg ~\lu }~||||||||||||||||||||||||||||||||||||,,,,
99,My Examples 1:99,,~\wd ~\tg c-IDp00NNNNNNNNNNN.......~\lu {~\wd ~\tg .-~\lu .~\wd ~\tg ~\lu }~||||||||||||||||||||||||||||||||||||,,,,
100,My Examples 1:100,,~\wd ~\tg c-IDp00NNNNNNNNNNN.......~\lu {~\wd ~\tg .-~\lu .~\wd ~\tg ~\lu }~||||||||||||||||||||||||||||||||||||,,,,
101,My Examples 1:101,,~\wd ~\tg c-IDp00NNNNNNNNNNN.......~\lu {~\wd ~\tg .-~\lu .~\wd ~\tg ~\lu }~||||||||||||||||||||||||||||||||||||,,,,
102,My Examples 1:102,,~\wd ~\tg c-IDp00NNNNNNNNNNN.......~\lu {~\wd ~\tg .-~\lu .~\wd ~\tg ~\lu }~||||||||||||||||||||||||||||||||||||,,,,
103,My Examples 1:103,,~\wd ~\tg c-IDp00NNNNNNNNNNN.......~\lu {~\wd ~\tg .-~\lu .~\wd ~\tg ~\lu }~||||||||||||||||||||||||||||||||||||,,,,
104,My Examples 1:104,,~\wd ~\tg c-IDp00NNNNNNNNNNN.......~\lu {~\wd ~\tg .-~\lu .~\wd ~\tg ~\lu }~||||||||||||||||||||||||||||||||||||,,,,
105,My Examples 1:105,,~\wd ~\tg c-IDp00NNNNNNNNNNN.......~\lu {~\wd ~\tg .-~\lu .~\wd ~\tg ~\lu }~||||||||||||||||||||||||||||||||||||,,,,
106,My Examples 1:106,,~\wd ~\tg c-IDp00NNNNNNNNNNN.......~\lu {~\wd ~\tg .-~\lu .~\wd ~\tg ~\lu }~||||||||||||||||||||||||||||||||||||,,,,
107,My Examples 1:107,,~\wd ~\tg c-IDp00NNNNNNNNNNN.......~\lu {~\wd ~\tg .-~\lu .~\wd ~\tg ~\lu }~||||||||||||||||||||||||||||||||||||,,,,
108,My Examples 1:108,,~\wd ~\tg c-IDp00NNNNNNNNNNN.......~\lu {~\wd ~\tg .-~\lu .~\wd ~\tg ~\lu }~||||||||||||||||||||||||||||||||||||,,,,
109,My Examples 1:109,,~\wd ~\tg c-IDp00NNNNNNNNNNN.......~\lu {~\wd ~\tg .-~\lu .~\wd ~\tg ~\lu }~||||||||||||||||||||||||||||||||||||,,,,
110,My Examples 1:110,,~\wd ~\tg c-IDp00NNNNNNNNNNN.......~\lu {~\wd ~\tg .-~\lu .~\wd ~\tg ~\lu }~||||||||||||||||||||||||||||||||||||,,,,
111,My Examples 1:111,,~\wd ~\tg c-IDp00NNNNNNNNNNN.......~\lu {~\wd ~\tg .-~\lu .~\wd ~\tg ~\lu }~||||||||||||||||||||||||||||||||||||,,,,
112,My Examples 1:112,,~\wd ~\tg c-IDp00NNNNNNNNNNN.......~\lu {~\wd ~\tg .-~\lu .~\wd ~\tg ~\lu }~||||||||||||||||||||||||||||||||||||,,,,
113,My Examples 1:113,,~\wd ~\tg c-IDp00NNNNNNNNNNN.......~\lu {~\wd ~\tg .-~\lu .~\wd ~\tg ~\lu }~||||||||||||||||||||||||||||||||||||,,,,
114,My Examples 1:114,,~\wd ~\tg c-IDp00NNNNNNNNNNN.......~\lu {~\wd ~\tg .-~\lu .~\wd ~\tg ~\lu }~||||||||||||||||||||||||||||||||||||,,,,
115,My Examples 1:115,,~\wd ~\tg c-IDp00NNNNNNNNNNN.......~\lu {~\wd ~\tg .-~\lu .~\wd ~\tg ~\lu }~||||||||||||||||||||||||||||||||||||,,,,
116,My Examples 1:116,,~\wd ~\tg c-IDp00NNNNNNNNNNN.......~\lu {~\wd ~\tg .-~\lu .~\wd ~\tg ~\lu }~||||||||||||||||||||||||||||||||||||,,,,
117,My Examples 1:117,,~\wd ~\tg c-IDp00NNNNNNNNNNN.......~\lu {~\wd ~\tg .-~\lu .~\wd ~\tg ~\lu }~||||||||||||||||||||||||||||||||||||,,,,
118,My Examples 1:118,,~\wd ~\tg c-IDp00NNNNNNNNNNN.......~\lu {~\wd ~\tg .-~\lu .~\wd ~\tg ~\lu }~||||||||||||||||||||||||||||||||||||,,,,
119,My Examples 1:119,,~\wd ~\tg c-IDp00NNNNNNNNNNN.......~\lu {~\wd ~\tg .-~\lu .~\wd ~\tg ~\lu }~||||||||||||||||||||||||||||||||||||,,,,
120,My Examples 1:120,,~\wd ~\tg c-IDp00NNNNNNNNNNN.......~\lu {~\wd ~\tg .-~\lu .~\wd ~\tg ~\lu }~||||||||||||||||||||||||||||||||||||,,,,
121,My Examples 1:121,,~\wd ~\tg c-IDp00NNNNNNNNNNN.......~\lu {~\wd ~\tg .-~\lu .~\wd ~\tg ~\lu }~||||||||||||||||||||||||||||||||||||,,,,
122,My Examples 1:122,,~\wd ~\tg c-IDp00NNNNNNNNNNN.......~\lu {~\wd ~\tg .-~\lu .~\wd ~\tg ~\lu }~||||||||||||||||||||||||||||||||||||,,,,
123,My Examples 1:123,,~\wd ~\tg c-IDp00NNNNNNNNNNN.......~\lu {~\wd ~\tg .-~\lu .~\wd ~\tg ~\lu }~||||||||||||||||||||||||||||||||||||,,,,
124,My Examples 1:124,,~\wd ~\tg c-IDp00NNNNNNNNNNN.......~\lu {~\wd ~\tg .-~\lu .~\wd ~\tg ~\lu }~||||||||||||||||||||||||||||||||||||,,,,
125,My Examples 1:125,,~\wd ~\tg c-IDp00NNNNNNNNNNN.......~\lu {~\wd ~\tg .-~\lu .~\wd ~\tg ~\lu }~||||||||||||||||||||||||||||||||||||,,,,
126,My Examples 1:126,,~\wd ~\tg c-IDp00NNNNNNNNNNN.......~\lu {~\wd ~\tg .-~\lu .~\wd ~\tg ~\lu }~||||||||||||||||||||||||||||||||||||,,,,
127,My Examples 1:127,,~\wd ~\tg c-IDp00NNNNNNNNNNN.......~\lu {~\wd ~\tg .-~\lu .~\wd ~\tg ~\lu }~||||||||||||||||||||||||||||||||||||,,,,
128,My Examples 1:128,,~\wd ~\tg c-IDp00NNNNNNNNNNN.......~\lu {~\wd ~\tg .-~\lu .~\wd ~\tg ~\lu }~||||||||||||||||||||||||||||||||||||,,,,
129,My Examples 1:129,,~\wd ~\tg c-IDp00NNNNNNNNNNN.......~\lu {~\wd ~\tg .-~\lu .~\wd ~\tg ~\lu }~||||||||||||||||||||||||||||||||||||,,,,
130,My Examples 1:130,,~\wd ~\tg c-IDp00NNNNNNNNNNN.......~\lu {~\wd ~\tg .-~\lu .~\wd ~\tg ~\lu }~||||||||||||||||||||||||||||||||||||,,,,
131,My Examples 1:131,,~\wd ~\tg c-IDp00NNNNNNNNNNN.......~\lu {~\wd ~\tg .-~\lu .~\wd ~\tg ~\lu }~||||||||||||||||||||||||||||||||||||,,,,
132,My Examples 1:132,,~\wd ~\tg c-IDp00NNNNNNNNNNN.......~\lu {~\wd ~\tg .-~\lu .~\wd ~\tg ~\lu }~||||||||||||||||||||||||||||||||||||,,,,
133,My Examples 1:133,,~\wd ~\tg c-IDp00NNNNNNNNNNN.......~\lu {~\wd ~\tg .-~\lu .~\wd ~\tg ~\lu }~||||||||||||||||||||||||||||||||||||,,,,
134,My Examples 1:134,,~\wd ~\tg c-IDp00NNNNNNNNNNN.......~\lu {~\wd ~\tg .-~\lu .~\wd ~\tg ~\lu }~||||||||||||||||||||||||||||||||||||,,,,
135,My Examples 1:135,,~\wd ~\tg c-IDp00NNNNNNNNNNN.......~\lu {~\wd ~\tg .-~\lu .~\wd ~\tg ~\lu }~||||||||||||||||||||||||||||||||||||,,,,
136,My Examples 1:136,,~\wd ~\tg c-IDp00NNNNNNNNNNN.......~\lu {~\wd ~\tg .-~\lu .~\wd ~\tg ~\lu }~||||||||||||||||||||||||||||||||||||,,,,
137,My Examples 1:137,,~\wd ~\tg c-IDp00NNNNNNNNNNN.......~\lu {~\wd ~\tg .-~\lu .~\wd ~\tg ~\lu }~||||||||||||||||||||||||||||||||||||,,,,
138,My Examples 1:138,,~\wd ~\tg c-IDp00NNNNNNNNNNN.......~\lu {~\wd ~\tg .-~\lu .~\wd ~\tg ~\lu }~||||||||||||||||||||||||||||||||||||,,,,
139,My Examples 1:139,,~\wd ~\tg c-IDp00NNNNNNNNNNN.......~\lu {~\wd ~\tg .-~\lu .~\wd ~\tg ~\lu }~||||||||||||||||||||||||||||||||||||,,,,
140,My Examples 1:140,,~\wd ~\tg c-IDp00NNNNNNNNNNN.......~\lu {~\wd ~\tg .-~\lu .~\wd ~\tg ~\lu }~||||||||||||||||||||||||||||||||||||,,,,
141,My Examples 1:141,,~\wd ~\tg c-IDp00NNNNNNNNNNN.......~\lu {~\wd ~\tg .-~\lu .~\wd ~\tg ~\lu }~||||||||||||||||||||||||||||||||||||,,,,
142,My Examples 1:142,,~\wd ~\tg c-IDp00NNNNNNNNNNN.......~\lu {~\wd ~\tg .-~\lu .~\wd ~\tg ~\lu }~||||||||||||||||||||||||||||||||||||,,,,
143,My Examples 1:143,,~\wd ~\tg c-IDp00NNNNNNNNNNN.......~\lu {~\wd ~\tg .-~\lu .~\wd ~\tg ~\lu }~||||||||||||||||||||||||||||||||||||,,,,
144,My Examples 1:144,,~\wd ~\tg c-IDp00NNNNNNNNNNN.......~\lu {~\wd ~\tg .-~\lu .~\wd ~\tg ~\lu }~||||||||||||||||||||||||||||||||||||,,,,
145,My Examples 1:145,,~\wd ~\tg c-IDp00NNNNNNNNNNN.......~\lu {~\wd ~\tg .-~\lu .~\wd ~\tg ~\lu }~||||||||||||||||||||||||||||||||||||,,,,
146,My Examples 1:146,,~\wd ~\tg c-IDp00NNNNNNNNNNN.......~\lu {~\wd ~\tg .-~\lu .~\wd ~\tg ~\lu }~||||||||||||||||||||||||||||||||||||,,,,
147,My Examples 1:147,,~\wd ~\tg c-IDp00NNNNNNNNNNN.......~\lu {~\wd ~\tg .-~\lu .~\wd ~\tg ~\lu }~||||||||||||||||||||||||||||||||||||,,,,
148,My Examples 1:148,,~\wd ~\tg c-IDp00NNNNNNNNNNN.......~\lu {~\wd ~\tg .-~\lu .~\wd ~\tg ~\lu }~||||||||||||||||||||||||||||||||||||,,,,
149,My Examples 1:149,,~\wd ~\tg c-IDp00NNNNNNNNNNN.......~\lu {~\wd ~\tg .-~\lu .~\wd ~\tg ~\lu }~||||||||||||||||||||||||||||||||||||,,,,
150,My Examples 1:150,,~\wd ~\tg c-IDp00NNNNNNNNNNN.......~\lu {~\wd ~\tg .-~\lu .~\wd ~\tg ~\lu }~||||||||||||||||||||||||||||||||||||,,,,
151,My Examples 1:151,,~\wd ~\tg c-IDp00NNNNNNNNNNN.......~\lu {~\wd ~\tg .-~\lu .~\wd ~\tg ~\lu }~||||||||||||||||||||||||||||||||||||,,,,
152,My Examples 1:152,,~\wd ~\tg c-IDp00NNNNNNNNNNN.......~\lu {~\wd ~\tg .-~\lu .~\wd ~\tg ~\lu }~||||||||||||||||||||||||||||||||||||,,,,
153,My Examples 1:153,,~\wd ~\tg c-IDp00NNNNNNNNNNN.......~\lu {~\wd ~\tg .-~\lu .~\wd ~\tg ~\lu }~||||||||||||||||||||||||||||||||||||,,,,
154,My Examples 1:154,,~\wd ~\tg c-IDp00NNNNNNNNNNN.......~\lu {~\wd ~\tg .-~\lu .~\wd ~\tg ~\lu }~||||||||||||||||||||||||||||||||||||,,,,
155,My Examples 1:155,,~\wd ~\tg c-IDp00NNNNNNNNNNN.......~\lu {~\wd ~\tg .-~\lu .~\wd ~\tg ~\lu }~||||||||||||||||||||||||||||||||||||,,,,
156,My Examples 1:156,,~\wd ~\tg c-IDp00NNNNNNNNNNN.......~\lu {~\wd ~\tg .-~\lu .~\wd ~\tg ~\lu }~||||||||||||||||||||||||||||||||||||,,,,
157,My Examples 1:157,,~\wd ~\tg c-IDp00NNNNNNNNNNN.......~\lu {~\wd ~\tg .-~\lu .~\wd ~\tg ~\lu }~||||||||||||||||||||||||||||||||||||,,,,
158,My Examples 1:158,,~\wd ~\tg c-IDp00NNNNNNNNNNN.......~\lu {~\wd ~\tg .-~\lu .~\wd ~\tg ~\lu }~||||||||||||||||||||||||||||||||||||,,,,
159,My Examples 1:159,,~\wd ~\tg c-IDp00NNNNNNNNNNN.......~\lu {~\wd ~\tg .-~\lu .~\wd ~\tg ~\lu }~||||||||||||||||||||||||||||||||||||,,,,
160,My Examples 1:160,,~\wd ~\tg c-IDp00NNNNNNNNNNN.......~\lu {~\wd ~\tg .-~\lu .~\wd ~\tg ~\lu }~||||||||||||||||||||||||||||||||||||,,,,
161,My Examples 1:161,,~\wd ~\tg c-IDp00NNNNNNNNNNN.......~\lu {~\wd ~\tg .-~\lu .~\wd ~\tg ~\lu }~||||||||||||||||||||||||||||||||||||,,,,
162,My Examples 1:162,,~\wd ~\tg c-IDp00NNNNNNNNNNN.......~\lu {~\wd ~\tg .-~\lu .~\wd ~\tg ~\lu }~||||||||||||||||||||||||||||||||||||,,,,
163,My Examples 1:163,,~\wd ~\tg c-IDp00NNNNNNNNNNN.......~\lu {~\wd ~\tg .-~\lu .~\wd ~\tg ~\lu }~||||||||||||||||||||||||||||||||||||,,,,
164,My Examples 1:164,,~\wd ~\tg c-IDp00NNNNNNNNNNN.......~\lu {~\wd ~\tg .-~\lu .~\wd ~\tg ~\lu }~||||||||||||||||||||||||||||||||||||,,,,
165,My Examples 1:165,,~\wd ~\tg c-IDp00NNNNNNNNNNN.......~\lu {~\wd ~\tg .-~\lu .~\wd ~\tg ~\lu }~||||||||||||||||||||||||||||||||||||,,,,
166,My Examples 1:166,,~\wd ~\tg c-IDp00NNNNNNNNNNN.......~\lu {~\wd ~\tg .-~\lu .~\wd ~\tg ~\lu }~||||||||||||||||||||||||||||||||||||,,,,
167,My Examples 1:167,,~\wd ~\tg c-IDp00NNNNNNNNNNN.......~\lu {~\wd ~\tg .-~\lu .~\wd ~\tg ~\lu }~||||||||||||||||||||||||||||||||||||,,,,
168,My Examples 1:168,,~\wd ~\tg c-IDp00NNNNNNNNNNN.......~\lu {~\wd ~\tg .-~\lu .~\wd ~\tg ~\lu }~||||||||||||||||||||||||||||||||||||,,,,
169,My Examples 1:169,,~\wd ~\tg c-IDp00NNNNNNNNNNN.......~\lu {~\wd ~\tg .-~\lu .~\wd ~\tg ~\lu }~||||||||||||||||||||||||||||||||||||,,,,
170,My Examples 1:170,,~\wd ~\tg c-IDp00NNNNNNNNNNN.......~\lu {~\wd ~\tg .-~\lu .~\wd ~\tg ~\lu }~||||||||||||||||||||||||||||||||||||,,,,
171,My Examples 1:171,,~\wd ~\tg c-IDp00NNNNNNNNNNN.......~\lu {~\wd ~\tg .-~\lu .~\wd ~\tg ~\lu }~||||||||||||||||||||||||||||||||||||,,,,
172,My Examples 1:172,,~\wd ~\tg c-IDp00NNNNNNNNNNN.......~\lu {~\wd ~\tg .-~\lu .~\wd ~\tg ~\lu }~||||||||||||||||||||||||||||||||||||,,,,
173,My Examples 1:173,,~\wd ~\tg c-IDp00NNNNNNNNNNN.......~\lu {~\wd ~\tg .-~\lu .~\wd ~\tg ~\lu }~||||||||||||||||||||||||||||||||||||,,,,
174,My Examples 1:174,,~\wd ~\tg c-IDp00NNNNNNNNNNN.......~\lu {~\wd ~\tg .-~\lu .~\wd ~\tg ~\lu }~||||||||||||||||||||||||||||||||||||,,,,
175,My Examples 1:175,,~\wd ~\tg c-IDp00NNNNNNNNNNN.......~\lu {~\wd ~\tg .-~\lu .~\wd ~\tg ~\lu }~||||||||||||||||||||||||||||||||||||,,,,
176,My Examples 1:176,,~\wd ~\tg c-IDp00NNNNNNNNNNN.......~\lu {~\wd ~\tg .-~\lu .~\wd ~\tg ~\lu }~||||||||||||||||||||||||||||||||||||,,,,
177,My Examples 1:177,,~\wd ~\tg c-IDp00NNNNNNNNNNN.......~\lu {~\wd ~\tg .-~\lu .~\wd ~\tg ~\lu }~||||||||||||||||||||||||||||||||||||,,,,
178,My Examples 1:178,,~\wd ~\tg c-IDp00NNNNNNNNNNN.......~\lu {~\wd ~\tg .-~\lu .~\wd ~\tg ~\lu }~||||||||||||||||||||||||||||||||||||,,,,
179,My Examples 1:179,,~\wd ~\tg c-IDp00NNNNNNNNNNN.......~\lu {~\wd ~\tg .-~\lu .~\wd ~\tg ~\lu }~||||||||||||||||||||||||||||||||||||,,,,
180,My Examples 1:180,,~\wd ~\tg c-IDp00NNNNNNNNNNN.......~\lu {~\wd ~\tg .-~\lu .~\wd ~\tg ~\lu }~||||||||||||||||||||||||||||||||||||,,,,
181,My Examples 1:181,,~\wd ~\tg c-IDp00NNNNNNNNNNN.......~\lu {~\wd ~\tg .-~\lu .~\wd ~\tg ~\lu }~||||||||||||||||||||||||||||||||||||,,,,
182,My Examples 1:182,,~\wd ~\tg c-IDp00NNNNNNNNNNN.......~\lu {~\wd ~\tg .-~\lu .~\wd ~\tg ~\lu }~||||||||||||||||||||||||||||||||||||,,,,
183,My Examples 1:183,,~\wd ~\tg c-IDp00NNNNNNNNNNN.......~\lu {~\wd ~\tg .-~\lu .~\wd ~\tg ~\lu }~||||||||||||||||||||||||||||||||||||,,,,
184,My Examples 1:184,,~\wd ~\tg c-IDp00NNNNNNNNNNN.......~\lu {~\wd ~\tg .-~\lu .~\wd ~\tg ~\lu }~||||||||||||||||||||||||||||||||||||,,,,
185,My Examples 1:185,,~\wd ~\tg c-IDp00NNNNNNNNNNN.......~\lu {~\wd ~\tg .-~\lu .~\wd ~\tg ~\lu }~||||||||||||||||||||||||||||||||||||,,,,
186,My Examples 1:186,,~\wd ~\tg c-IDp00NNNNNNNNNNN.......~\lu {~\wd ~\tg .-~\lu .~\wd ~\tg ~\lu }~||||||||||||||||||||||||||||||||||||,,,,
187,My Examples 1:187,,~\wd ~\tg c-IDp00NNNNNNNNNNN.......~\lu {~\wd ~\tg .-~\lu .~\wd ~\tg ~\lu }~||||||||||||||||||||||||||||||||||||,,,,
188,My Examples 1:188,,~\wd ~\tg c-IDp00NNNNNNNNNNN.......~\lu {~\wd ~\tg .-~\lu .~\wd ~\tg ~\lu }~||||||||||||||||||||||||||||||||||||,,,,
189,My Examples 1:189,,~\wd ~\tg c-IDp00NNNNNNNNNNN.......~\lu {~\wd ~\tg .-~\lu .~\wd ~\tg ~\lu }~||||||||||||||||||||||||||||||||||||,,,,
190,My Examples 1:190,,~\wd ~\tg c-IDp00NNNNNNNNNNN.......~\lu {~\wd ~\tg .-~\lu .~\wd ~\tg ~\lu }~||||||||||||||||||||||||||||||||||||,,,,
191,My Examples 1:191,,~\wd ~\tg c-IDp00NNNNNNNNNNN.......~\lu {~\wd ~\tg .-~\lu .~\wd ~\tg ~\lu }~||||||||||||||||||||||||||||||||||||,,,,
192,My Examples 1:192,,~\wd ~\tg c-IDp00NNNNNNNNNNN.......~\lu {~\wd ~\tg .-~\lu .~\wd ~\tg ~\lu }~||||||||||||||||||||||||||||||||||||,,,,
193,My Examples 1:193,,~\wd ~\tg c-IDp00NNNNNNNNNNN.......~\lu {~\wd ~\tg .-~\lu .~\wd ~\tg ~\lu }~||||||||||||||||||||||||||||||||||||,,,,
194,My Examples 1:194,,~\wd ~\tg c-IDp00NNNNNNNNNNN.......~\lu {~\wd ~\tg .-~\lu .~\wd ~\tg ~\lu }~||||||||||||||||||||||||||||||||||||,,,,
195,My Examples 1:195,,~\wd ~\tg c-IDp00NNNNNNNNNNN.......~\lu {~\wd ~\tg .-~\lu .~\wd ~\tg ~\lu }~||||||||||||||||||||||||||||||||||||,,,,
196,My Examples 1:196,,~\wd ~\tg c-IDp00NNNNNNNNNNN.......~\lu {~\wd ~\tg .-~\lu .~\wd ~\tg ~\lu }~||||||||||||||||||||||||||||||||||||,,,,
197,My Examples 1:197,,~\wd ~\tg c-IDp00NNNNNNNNNNN.......~\lu {~\wd ~\tg .-~\lu .~\wd ~\tg ~\lu }~||||||||||||||||||||||||||||||||||||,,,,
198,My Examples 1:198,,~\wd ~\tg c-IDp00NNNNNNNNNNN.......~\lu {~\wd ~\tg .-~\lu .~\wd ~\tg ~\lu }~||||||||||||||||||||||||||||||||||||,,,,
199,My Examples 1:199,,~\wd ~\tg c-IDp00NNNNNNNNNNN.......~\lu {~\wd ~\tg .-~\lu .~\wd ~\tg ~\lu }~||||||||||||||||||||||||||||||||||||,,,,
200,My Examples 1:200,,~\wd ~\tg c-IDp00NNNNNNNNNNN.......~\lu {~\wd ~\tg .-~\lu .~\wd ~\tg ~\lu }~||||||||||||||||||||||||||||||||||||,,,,
201,My Examples 1:201,,~\wd ~\tg c-IDp00NNNNNNNNNNN.......~\lu {~\wd ~\tg .-~\lu .~\wd ~\tg ~\lu }~||||||||||||||||||||||||||||||||||||,,,,
202,My Examples 1:202,,~\wd ~\tg c-IDp00NNNNNNNNNNN.......~\lu {~\wd ~\tg .-~\lu .~\wd ~\tg ~\lu }~||||||||||||||||||||||||||||||||||||,,,,
203,My Examples 1:203,,~\wd ~\tg c-IDp00NNNNNNNNNNN.......~\lu {~\wd ~\tg .-~\lu .~\wd ~\tg ~\lu }~||||||||||||||||||||||||||||||||||||,,,,
204,My Examples 1:204,,~\wd ~\tg c-IDp00NNNNNNNNNNN.......~\lu {~\wd ~\tg .-~\lu .~\wd ~\tg ~\lu }~||||||||||||||||||||||||||||||||||||,,,,
205,My Examples 1:205,,~\wd ~\tg c-IDp00NNNNNNNNNNN.......~\lu {~\wd ~\tg .-~\lu .~\wd ~\tg ~\lu }~||||||||||||||||||||||||||||||||||||,,,,
206,My Examples 1:206,,~\wd ~\tg c-IDp00NNNNNNNNNNN.......~\lu {~\wd ~\tg .-~\lu .~\wd ~\tg ~\lu }~||||||||||||||||||||||||||||||||||||,,,,
207,My Examples 1:207,,~\wd ~\tg c-IDp00NNNNNNNNNNN.......~\lu {~\wd ~\tg .-~\lu .~\wd ~\tg ~\lu }~||||||||||||||||||||||||||||||||||||,,,,
208,My Examples 1:208,,~\wd ~\tg c-IDp00NNNNNNNNNNN.......~\lu {~\wd ~\tg .-~\lu .~\wd ~\tg ~\lu }~||||||||||||||||||||||||||||||||||||,,,,
209,My Examples 1:209,,~\wd ~\tg c-IDp00NNNNNNNNNNN.......~\lu {~\wd ~\tg .-~\lu .~\wd ~\tg ~\lu }~||||||||||||||||||||||||||||||||||||,,,,
210,My Examples 1:210,,~\wd ~\tg c-IDp00NNNNNNNNNNN.......~\lu {~\wd ~\tg .-~\lu .~\wd ~\tg ~\lu }~||||||||||||||||||||||||||||||||||||,,,,
211,My Examples 1:211,,~\wd ~\tg c-IDp00NNNNNNNNNNN.......~\lu {~\wd ~\tg .-~\lu .~\wd ~\tg ~\lu }~||||||||||||||||||||||||||||||||||||,,,,
212,My Examples 1:212,,~\wd ~\tg c-IDp00NNNNNNNNNNN.......~\lu {~\wd ~\tg .-~\lu .~\wd ~\tg ~\lu }~||||||||||||||||||||||||||||||||||||,,,,
213,My Examples 1:213,,~\wd ~\tg c-IDp00NNNNNNNNNNN.......~\lu {~\wd ~\tg .-~\lu .~\wd ~\tg ~\lu }~||||||||||||||||||||||||||||||||||||,,,,
214,My Examples 1:214,,~\wd ~\tg c-IDp00NNNNNNNNNNN.......~\lu {~\wd ~\tg .-~\lu .~\wd ~\tg ~\lu }~||||||||||||||||||||||||||||||||||||,,,,
215,My Examples 1:215,,~\wd ~\tg c-IDp00NNNNNNNNNNN.......~\lu {~\wd ~\tg .-~\lu .~\wd ~\tg ~\lu }~||||||||||||||||||||||||||||||||||||,,,,
216,My Examples 1:216,,~\wd ~\tg c-IDp00NNNNNNNNNNN.......~\lu {~\wd ~\tg .-~\lu .~\wd ~\tg ~\lu }~||||||||||||||||||||||||||||||||||||,,,,
217,My Examples 1:217,,~\wd ~\tg c-IDp00NNNNNNNNNNN.......~\lu {~\wd ~\tg .-~\lu .~\wd ~\tg ~\lu }~||||||||||||||||||||||||||||||||||||,,,,
218,My Examples 1:218,,~\wd ~\tg c-IDp00NNNNNNNNNNN.......~\lu {~\wd ~\tg .-~\lu .~\wd ~\tg ~\lu }~||||||||||||||||||||||||||||||||||||,,,,
219,My Examples 1:219,,~\wd ~\tg c-IDp00NNNNNNNNNNN.......~\lu {~\wd ~\tg .-~\lu .~\wd ~\tg ~\lu }~||||||||||||||||||||||||||||||||||||,,,,
220,My Examples 1:220,,~\wd ~\tg c-IDp00NNNNNNNNNNN.......~\lu {~\wd ~\tg .-~\lu .~\wd ~\tg ~\lu }~||||||||||||||||||||||||||||||||||||,,,,
221,My Examples 1:221,,~\wd ~\tg c-IDp00NNNNNNNNNNN.......~\lu {~\wd ~\tg .-~\lu .~\wd ~\tg ~\lu }~||||||||||||||||||||||||||||||||||||,,,,
222,My Examples 1:222,,~\wd ~\tg c-IDp00NNNNNNNNNNN.......~\lu {~\wd ~\tg .-~\lu .~\wd ~\tg ~\lu }~||||||||||||||||||||||||||||||||||||,,,,
223,My Examples 1:223,,~\wd ~\tg c-IDp00NNNNNNNNNNN.......~\lu {~\wd ~\tg .-~\lu .~\wd ~\tg ~\lu }~||||||||||||||||||||||||||||||||||||,,,,
224,My Examples 1:224,,~\wd ~\tg c-IDp00NNNNNNNNNNN.......~\lu {~\wd ~\tg .-~\lu .~\wd ~\tg ~\lu }~||||||||||||||||||||||||||||||||||||,,,,
225,My Examples 1:225,,~\wd ~\tg c-IDp00NNNNNNNNNNN.......~\lu {~\wd ~\tg .-~\lu .~\wd ~\tg ~\lu }~||||||||||||||||||||||||||||||||||||,,,,
226,My Examples 1:226,,~\wd ~\tg c-IDp00NNNNNNNNNNN.......~\lu {~\wd ~\tg .-~\lu .~\wd ~\tg ~\lu }~||||||||||||||||||||||||||||||||||||,,,,
227,My Examples 1:227,,~\wd ~\tg c-IDp00NNNNNNNNNNN.......~\lu {~\wd ~\tg .-~\lu .~\wd ~\tg ~\lu }~||||||||||||||||||||||||||||||||||||,,,,
228,My Examples 1:228,,~\wd ~\tg c-IDp00NNNNNNNNNNN.......~\lu {~\wd ~\tg .-~\lu .~\wd ~\tg ~\lu }~||||||||||||||||||||||||||||||||||||,,,,
229,My Examples 1:229,,~\wd ~\tg c-IDp00NNNNNNNNNNN.......~\lu {~\wd ~\tg .-~\lu .~\wd ~\tg ~\lu }~||||||||||||||||||||||||||||||||||||,,,,
230,My Examples 1:230,,~\wd ~\tg c-IDp00NNNNNNNNNNN.......~\lu {~\wd ~\tg .-~\lu .~\wd ~\tg ~\lu }~||||||||||||||||||||||||||||||||||||,,,,
231,My Examples 1:231,,~\wd ~\tg c-IDp00NNNNNNNNNNN.......~\lu {~\wd ~\tg .-~\lu .~\wd ~\tg ~\lu }~||||||||||||||||||||||||||||||||||||,,,,
232,My Examples 1:232,,~\wd ~\tg c-IDp00NNNNNNNNNNN.......~\lu {~\wd ~\tg .-~\lu .~\wd ~\tg ~\lu }~||||||||||||||||||||||||||||||||||||,,,,
233,My Examples 1:233,,~\wd ~\tg c-IDp00NNNNNNNNNNN.......~\lu {~\wd ~\tg .-~\lu .~\wd ~\tg ~\lu }~||||||||||||||||||||||||||||||||||||,,,,
234,My Examples 1:234,,~\wd ~\tg c-IDp00NNNNNNNNNNN.......~\lu {~\wd ~\tg .-~\lu .~\wd ~\tg ~\lu }~||||||||||||||||||||||||||||||||||||,,,,
235,My Examples 1:235,,~\wd ~\tg c-IDp00NNNNNNNNNNN.......~\lu {~\wd ~\tg .-~\lu .~\wd ~\tg ~\lu }~||||||||||||||||||||||||||||||||||||,,,,
236,My Examples 1:236,,~\wd ~\tg c-IDp00NNNNNNNNNNN.......~\lu {~\wd ~\tg .-~\lu .~\wd ~\tg ~\lu }~||||||||||||||||||||||||||||||||||||,,,,
237,My Examples 1:237,,~\wd ~\tg c-IDp00NNNNNNNNNNN.......~\lu {~\wd ~\tg .-~\lu .~\wd ~\tg ~\lu }~||||||||||||||||||||||||||||||||||||,,,,
238,My Examples 1:238,,~\wd ~\tg c-IDp00NNNNNNNNNNN.......~\lu {~\wd ~\tg .-~\lu .~\wd ~\tg ~\lu }~||||||||||||||||||||||||||||||||||||,,,,
239,My Examples 1:239,,~\wd ~\tg c-IDp00NNNNNNNNNNN.......~\lu {~\wd ~\tg .-~\lu .~\wd ~\tg ~\lu }~||||||||||||||||||||||||||||||||||||,,,,
240,My Examples 1:240,,~\wd ~\tg c-IDp00NNNNNNNNNNN.......~\lu {~\wd ~\tg .-~\lu .~\wd ~\tg ~\lu }~||||||||||||||||||||||||||||||||||||,,,,
241,My Examples 1:241,,~\wd ~\tg c-IDp00NNNNNNNNNNN.......~\lu {~\wd ~\tg .-~\lu .~\wd ~\tg ~\lu }~||||||||||||||||||||||||||||||||||||,,,,
242,My Examples 1:242,,~\wd ~\tg c-IDp00NNNNNNNNNNN.......~\lu {~\wd ~\tg .-~\lu .~\wd ~\tg ~\lu }~||||||||||||||||||||||||||||||||||||,,,,
243,My Examples 1:243,,~\wd ~\tg c-IDp00NNNNNNNNNNN.......~\lu {~\wd ~\tg .-~\lu .~\wd ~\tg ~\lu }~||||||||||||||||||||||||||||||||||||,,,,
244,My Examples 1:244,,~\wd ~\tg c-IDp00NNNNNNNNNNN.......~\lu {~\wd ~\tg .-~\lu .~\wd ~\tg ~\lu }~||||||||||||||||||||||||||||||||||||,,,,
245,My Examples 1:245,,~\wd ~\tg c-IDp00NNNNNNNNNNN.......~\lu {~\wd ~\tg .-~\lu .~\wd ~\tg ~\lu }~||||||||||||||||||||||||||||||||||||,,,,
246,My Examples 1:246,,~\wd ~\tg c-IDp00NNNNNNNNNNN.......~\lu {~\wd ~\tg .-~\lu .~\wd ~\tg ~\lu }~||||||||||||||||||||||||||||||||||||,,,,
247,My Examples 1:247,,~\wd ~\tg c-IDp00NNNNNNNNNNN.......~\lu {~\wd ~\tg .-~\lu .~\wd ~\tg ~\lu }~||||||||||||||||||||||||||||||||||||,,,,
248,My Examples 1:248,,~\wd ~\tg c-IDp00NNNNNNNNNNN.......~\lu {~\wd ~\tg .-~\lu .~\wd ~\tg ~\lu }~||||||||||||||||||||||||||||||||||||,,,,
249,My Examples 1:249,,~\wd ~\tg c-IDp00NNNNNNNNNNN.......~\lu {~\wd ~\tg .-~\lu .~\wd ~\tg ~\lu }~||||||||||||||||||||||||||||||||||||,,,,
250,My Examples 1:250,,~\wd ~\tg c-IDp00NNNNNNNNNNN.......~\lu {~\wd ~\tg .-~\lu .~\wd ~\tg ~\lu }~||||||||||||||||||||||||||||||||||||,,,,
251,My Examples 1:251,,~\wd ~\tg c-IDp00NNNNNNNNNNN.......~\lu {~\wd ~\tg .-~\lu .~\wd ~\tg ~\lu }~||||||||||||||||||||||||||||||||||||,,,,
252,My Examples 1:252,,~\wd ~\tg c-IDp00NNNNNNNNNNN.......~\lu {~\wd ~\tg .-~\lu .~\wd ~\tg ~\lu }~||||||||||||||||||||||||||||||||||||,,,,
253,My Examples 1:253,,~\wd ~\tg c-IDp00NNNNNNNNNNN.......~\lu {~\wd ~\tg .-~\lu .~\wd ~\tg ~\lu }~||||||||||||||||||||||||||||||||||||,,,,
254,My Examples 1:254,,~\wd ~\tg c-IDp00NNNNNNNNNNN.......~\lu {~\wd ~\tg .-~\lu .~\wd ~\tg ~\lu }~||||||||||||||||||||||||||||||||||||,,,,
255,My Examples 1:255,,~\wd ~\tg c-IDp00NNNNNNNNNNN.......~\lu {~\wd ~\tg .-~\lu .~\wd ~\tg ~\lu }~||||||||||||||||||||||||||||||||||||,,,,
256,My Examples 1:256,,~\wd ~\tg c-IDp00NNNNNNNNNNN.......~\lu {~\wd ~\tg .-~\lu .~\wd ~\tg ~\lu }~||||||||||||||||||||||||||||||||||||,,,,
257,My Examples 1:257,,~\wd ~\tg c-IDp00NNNNNNNNNNN.......~\lu {~\wd ~\tg .-~\lu .~\wd ~\tg ~\lu }~||||||||||||||||||||||||||||||||||||,,,,
258,My Examples 1:258,,~\wd ~\tg c-IDp00NNNNNNNNNNN.......~\lu {~\wd ~\tg .-~\lu .~\wd ~\tg ~\lu }~||||||||||||||||||||||||||||||||||||,,,,
259,My Examples 1:259,,~\wd ~\tg c-IDp00NNNNNNNNNNN.......~\lu {~\wd ~\tg .-~\lu .~\wd ~\tg ~\lu }~||||||||||||||||||||||||||||||||||||,,,,
260,My Examples 1:260,,~\wd ~\tg c-IDp00NNNNNNNNNNN.......~\lu {~\wd ~\tg .-~\lu .~\wd ~\tg ~\lu }~||||||||||||||||||||||||||||||||||||,,,,
261,My Examples 1:261,,~\wd ~\tg c-IDp00NNNNNNNNNNN.......~\lu {~\wd ~\tg .-~\lu .~\wd ~\tg ~\lu }~||||||||||||||||||||||||||||||||||||,,,,
262,My Examples 1:262,,~\wd ~\tg c-IDp00NNNNNNNNNNN.......~\lu {~\wd ~\tg .-~\lu .~\wd ~\tg ~\lu }~||||||||||||||||||||||||||||||||||||,,,,
263,My Examples 1:263,,~\wd ~\tg c-IDp00NNNNNNNNNNN.......~\lu {~\wd ~\tg .-~\lu .~\wd ~\tg ~\lu }~||||||||||||||||||||||||||||||||||||,,,,
264,My Examples 1:264,,~\wd ~\tg c-IDp00NNNNNNNNNNN.......~\lu {~\wd ~\tg .-~\lu .~\wd ~\tg ~\lu }~||||||||||||||||||||||||||||||||||||,,,,
265,My Examples 1:265,,~\wd ~\tg c-IDp00NNNNNNNNNNN.......~\lu {~\wd ~\tg .-~\lu .~\wd ~\tg ~\lu }~||||||||||||||||||||||||||||||||||||,,,,
266,My Examples 1:266,,~\wd ~\tg c-IDp00NNNNNNNNNNN.......~\lu {~\wd ~\tg .-~\lu .~\wd ~\tg ~\lu }~||||||||||||||||||||||||||||||||||||,,,,
267,My Examples 1:267,,~\wd ~\tg c-IDp00NNNNNNNNNNN.......~\lu {~\wd ~\tg .-~\lu .~\wd ~\tg ~\lu }~||||||||||||||||||||||||||||||||||||,,,,
268,My Examples 1:268,,~\wd ~\tg c-IDp00NNNNNNNNNNN.......~\lu {~\wd ~\tg .-~\lu .~\wd ~\tg ~\lu }~||||||||||||||||||||||||||||||||||||,,,,
269,My Examples 1:269,,~\wd ~\tg c-IDp00NNNNNNNNNNN.......~\lu {~\wd ~\tg .-~\lu .~\wd ~\tg ~\lu }~||||||||||||||||||||||||||||||||||||,,,,
270,My Examples 1:270,,~\wd ~\tg c-IDp00NNNNNNNNNNN.......~\lu {~\wd ~\tg .-~\lu .~\wd ~\tg ~\lu }~||||||||||||||||||||||||||||||||||||,,,,
271,My Examples 1:271,,~\wd ~\tg c-IDp00NNNNNNNNNNN.......~\lu {~\wd ~\tg .-~\lu .~\wd ~\tg ~\lu }~||||||||||||||||||||||||||||||||||||,,,,
272,My Examples 1:272,,~\wd ~\tg c-IDp00NNNNNNNNNNN.......~\lu {~\wd ~\tg .-~\lu .~\wd ~\tg ~\lu }~||||||||||||||||||||||||||||||||||||,,,,
273,My Examples 1:273,,~\wd ~\tg c-IDp00NNNNNNNNNNN.......~\lu {~\wd ~\tg .-~\lu .~\wd ~\tg ~\lu }~||||||||||||||||||||||||||||||||||||,,,,
274,My Examples 1:274,,~\wd ~\tg c-IDp00NNNNNNNNNNN.......~\lu {~\wd ~\tg .-~\lu .~\wd ~\tg ~\lu }~||||||||||||||||||||||||||||||||||||,,,,
275,My Examples 1:275,,~\wd ~\tg c-IDp00NNNNNNNNNNN.......~\lu {~\wd ~\tg .-~\lu .~\wd ~\tg ~\lu }~||||||||||||||||||||||||||||||||||||,,,,
276,My Examples 1:276,,~\wd ~\tg c-IDp00NNNNNNNNNNN.......~\lu {~\wd ~\tg .-~\lu .~\wd ~\tg ~\lu }~||||||||||||||||||||||||||||||||||||,,,,
277,My Examples 1:277,,~\wd ~\tg c-IDp00NNNNNNNNNNN.......~\lu {~\wd ~\tg .-~\lu .~\wd ~\tg ~\lu }~||||||||||||||||||||||||||||||||||||,,,,
278,My Examples 1:278,,~\wd ~\tg c-IDp00NNNNNNNNNNN.......~\lu {~\wd ~\tg .-~\lu .~\wd ~\tg ~\lu }~||||||||||||||||||||||||||||||||||||,,,,
279,My Examples 1:279,,~\wd ~\tg c-IDp00NNNNNNNNNNN.......~\lu {~\wd ~\tg .-~\lu .~\wd ~\tg ~\lu }~||||||||||||||||||||||||||||||||||||,,,,
280,My Examples 1:280,,~\wd ~\tg c-IDp00NNNNNNNNNNN.......~\lu {~\wd ~\tg .-~\lu .~\wd ~\tg ~\lu }~||||||||||||||||||||||||||||||||||||,,,,
281,My Examples 1:281,,~\wd ~\tg c-IDp00NNNNNNNNNNN.......~\lu {~\wd ~\tg .-~\lu .~\wd ~\tg ~\lu }~||||||||||||||||||||||||||||||||||||,,,,
282,My Examples 1:282,,~\wd ~\tg c-IDp00NNNNNNNNNNN.......~\lu {~\wd ~\tg .-~\lu .~\wd ~\tg ~\lu }~||||||||||||||||||||||||||||||||||||,,,,
283,My Examples 1:283,,~\wd ~\tg c-IDp00NNNNNNNNNNN.......~\lu {~\wd ~\tg .-~\lu .~\wd ~\tg ~\lu }~||||||||||||||||||||||||||||||||||||,,,,
284,My Examples 1:284,,~\wd ~\tg c-IDp00NNNNNNNNNNN.......~\lu {~\wd ~\tg .-~\lu .~\wd ~\tg ~\lu }~||||||||||||||||||||||||||||||||||||,,,,
285,My Examples 1:285,,~\wd ~\tg c-IDp00NNNNNNNNNNN.......~\lu {~\wd ~\tg .-~\lu .~\wd ~\tg ~\lu }~||||||||||||||||||||||||||||||||||||,,,,
286,My Examples 1:286,,~\wd ~\tg c-IDp00NNNNNNNNNNN.......~\lu {~\wd ~\tg .-~\lu .~\wd ~\tg ~\lu }~||||||||||||||||||||||||||||||||||||,,,,
287,My Examples 1:287,,~\wd ~\tg c-IDp00NNNNNNNNNNN.......~\lu {~\wd ~\tg .-~\lu .~\wd ~\tg ~\lu }~||||||||||||||||||||||||||||||||||||,,,,
288,My Examples 1:288,,~\wd ~\tg c-IDp00NNNNNNNNNNN.......~\lu {~\wd ~\tg .-~\lu .~\wd ~\tg ~\lu }~||||||||||||||||||||||||||||||||||||,,,,
289,My Examples 1:289,,~\wd ~\tg c-IDp00NNNNNNNNNNN.......~\lu {~\wd ~\tg .-~\lu .~\wd ~\tg ~\lu }~||||||||||||||||||||||||||||||||||||,,,,
290,My Examples 1:290,,~\wd ~\tg c-IDp00NNNNNNNNNNN.......~\lu {~\wd ~\tg .-~\lu .~\wd ~\tg ~\lu }~||||||||||||||||||||||||||||||||||||,,,,
291,My Examples 1:291,,~\wd ~\tg c-IDp00NNNNNNNNNNN.......~\lu {~\wd ~\tg .-~\lu .~\wd ~\tg ~\lu }~||||||||||||||||||||||||||||||||||||,,,,
292,My Examples 1:292,,~\wd ~\tg c-IDp00NNNNNNNNNNN.......~\lu {~\wd ~\tg .-~\lu .~\wd ~\tg ~\lu }~||||||||||||||||||||||||||||||||||||,,,,
293,My Examples 1:293,,~\wd ~\tg c-IDp00NNNNNNNNNNN.......~\lu {~\wd ~\tg .-~\lu .~\wd ~\tg ~\lu }~||||||||||||||||||||||||||||||||||||,,,,
294,My Examples 1:294,,~\wd ~\tg c-IDp00NNNNNNNNNNN.......~\lu {~\wd ~\tg .-~\lu .~\wd ~\tg ~\lu }~||||||||||||||||||||||||||||||||||||,,,,
295,My Examples 1:295,,~\wd ~\tg c-IDp00NNNNNNNNNNN.......~\lu {~\wd ~\tg .-~\lu .~\wd ~\tg ~\lu }~||||||||||||||||||||||||||||||||||||,,,,
296,My Examples 1:296,,~\wd ~\tg c-IDp00NNNNNNNNNNN.......~\lu {~\wd ~\tg .-~\lu .~\wd ~\tg ~\lu }~||||||||||||||||||||||||||||||||||||,,,,
297,My Examples 1:297,,~\wd ~\tg c-IDp00NNNNNNNNNNN.......~\lu {~\wd ~\tg .-~\lu .~\wd ~\tg ~\lu }~||||||||||||||||||||||||||||||||||||,,,,
298,My Examples 1:298,,~\wd ~\tg c-IDp00NNNNNNNNNNN.......~\lu {~\wd ~\tg .-~\lu .~\wd ~\tg ~\lu }~||||||||||||||||||||||||||||||||||||,,,,
299,My Examples 1:299,,~\wd ~\tg c-IDp00NNNNNNNNNNN.......~\lu {~\wd ~\tg .-~\lu .~\wd ~\tg ~\lu }~||||||||||||||||||||||||||||||||||||,,,,
300,My Examples 1:300,,~\wd ~\tg c-IDp00NNNNNNNNNNN.......~\lu {~\wd ~\tg .-~\lu .~\wd ~\tg ~\lu }~||||||||||||||||||||||||||||||||||||,,,,
301,My Examples 1:301,,~\wd ~\tg c-IDp00NNNNNNNNNNN.......~\lu {~\wd ~\tg .-~\lu .~\wd ~\tg ~\lu }~||||||||||||||||||||||||||||||||||||,,,,
302,My Examples 1:302,,~\wd ~\tg c-IDp00NNNNNNNNNNN.......~\lu {~\wd ~\tg .-~\lu .~\wd ~\tg ~\lu }~||||||||||||||||||||||||||||||||||||,,,,
303,My Examples 1:303,,~\wd ~\tg c-IDp00NNNNNNNNNNN.......~\lu {~\wd ~\tg .-~\lu .~\wd ~\tg ~\lu }~||||||||||||||||||||||||||||||||||||,,,,
304,My Examples 1:304,,~\wd ~\tg c-IDp00NNNNNNNNNNN.......~\lu {~\wd ~\tg .-~\lu .~\wd ~\tg ~\lu }~||||||||||||||||||||||||||||||||||||,,,,
305,My Examples 1:305,,~\wd ~\tg c-IDp00NNNNNNNNNNN.......~\lu {~\wd ~\tg .-~\lu .~\wd ~\tg ~\lu }~||||||||||||||||||||||||||||||||||||,,,,
306,My Examples 1:306,,~\wd ~\tg c-IDp00NNNNNNNNNNN.......~\lu {~\wd ~\tg .-~\lu .~\wd ~\tg ~\lu }~||||||||||||||||||||||||||||||||||||,,,,
307,My Examples 1:307,,~\wd ~\tg c-IDp00NNNNNNNNNNN.......~\lu {~\wd ~\tg .-~\lu .~\wd ~\tg ~\lu }~||||||||||||||||||||||||||||||||||||,,,,
308,My Examples 1:308,,~\wd ~\tg c-IDp00NNNNNNNNNNN.......~\lu {~\wd ~\tg .-~\lu .~\wd ~\tg ~\lu }~||||||||||||||||||||||||||||||||||||,,,,
309,My Examples 1:309,,~\wd ~\tg c-IDp00NNNNNNNNNNN.......~\lu {~\wd ~\tg .-~\lu .~\wd ~\tg ~\lu }~||||||||||||||||||||||||||||||||||||,,,,
310,My Examples 1:310,,~\wd ~\tg c-IDp00NNNNNNNNNNN.......~\lu {~\wd ~\tg .-~\lu .~\wd ~\tg ~\lu }~||||||||||||||||||||||||||||||||||||,,,,
311,My Examples 1:311,,~\wd ~\tg c-IDp00NNNNNNNNNNN.......~\lu {~\wd ~\tg .-~\lu .~\wd ~\tg ~\lu }~||||||||||||||||||||||||||||||||||||,,,,
312,My Examples 1:312,,~\wd ~\tg c-IDp00NNNNNNNNNNN.......~\lu {~\wd ~\tg .-~\lu .~\wd ~\tg ~\lu }~||||||||||||||||||||||||||||||||||||,,,,
313,My Examples 1:313,,~\wd ~\tg c-IDp00NNNNNNNNNNN.......~\lu {~\wd ~\tg .-~\lu .~\wd ~\tg ~\lu }~||||||||||||||||||||||||||||||||||||,,,,
314,My Examples 1:314,,~\wd ~\tg c-IDp00NNNNNNNNNNN.......~\lu {~\wd ~\tg .-~\lu .~\wd ~\tg ~\lu }~||||||||||||||||||||||||||||||||||||,,,,
315,My Examples 1:315,,~\wd ~\tg c-IDp00NNNNNNNNNNN.......~\lu {~\wd ~\tg .-~\lu .~\wd ~\tg ~\lu }~||||||||||||||||||||||||||||||||||||,,,,
316,My Examples 1:316,,~\wd ~\tg c-IDp00NNNNNNNNNNN.......~\lu {~\wd ~\tg .-~\lu .~\wd ~\tg ~\lu }~||||||||||||||||||||||||||||||||||||,,,,
317,My Examples 1:317,,~\wd ~\tg c-IDp00NNNNNNNNNNN.......~\lu {~\wd ~\tg .-~\lu .~\wd ~\tg ~\lu }~||||||||||||||||||||||||||||||||||||,,,,
318,My Examples 1:318,,~\wd ~\tg c-IDp00NNNNNNNNNNN.......~\lu {~\wd ~\tg .-~\lu .~\wd ~\tg ~\lu }~||||||||||||||||||||||||||||||||||||,,,,
319,My Examples 1:319,,~\wd ~\tg c-IDp00NNNNNNNNNNN.......~\lu {~\wd ~\tg .-~\lu .~\wd ~\tg ~\lu }~||||||||||||||||||||||||||||||||||||,,,,
320,My Examples 1:320,,~\wd ~\tg c-IDp00NNNNNNNNNNN.......~\lu {~\wd ~\tg .-~\lu .~\wd ~\tg ~\lu }~||||||||||||||||||||||||||||||||||||,,,,
321,My Examples 1:321,,~\wd ~\tg c-IDp00NNNNNNNNNNN.......~\lu {~\wd ~\tg .-~\lu .~\wd ~\tg ~\lu }~||||||||||||||||||||||||||||||||||||,,,,
322,My Examples 1:322,,~\wd ~\tg c-IDp00NNNNNNNNNNN.......~\lu {~\wd ~\tg .-~\lu .~\wd ~\tg ~\lu }~||||||||||||||||||||||||||||||||||||,,,,
323,My Examples 1:323,,~\wd ~\tg c-IDp00NNNNNNNNNNN.......~\lu {~\wd ~\tg .-~\lu .~\wd ~\tg ~\lu }~||||||||||||||||||||||||||||||||||||,,,,
324,My Examples 1:324,,~\wd ~\tg c-IDp00NNNNNNNNNNN.......~\lu {~\wd ~\tg .-~\lu .~\wd ~\tg ~\lu }~||||||||||||||||||||||||||||||||||||,,,,
325,My Examples 1:325,,~\wd ~\tg c-IDp00NNNNNNNNNNN.......~\lu {~\wd ~\tg .-~\lu .~\wd ~\tg ~\lu }~||||||||||||||||||||||||||||||||||||,,,,
326,My Examples 1:326,,~\wd ~\tg c-IDp00NNNNNNNNNNN.......~\lu {~\wd ~\tg .-~\lu .~\wd ~\tg ~\lu }~||||||||||||||||||||||||||||||||||||,,,,
327,My Examples 1:327,,~\wd ~\tg c-IDp00NNNNNNNNNNN.......~\lu {~\wd ~\tg .-~\lu .~\wd ~\tg ~\lu }~||||||||||||||||||||||||||||||||||||,,,,
328,My Examples 1:328,,~\wd ~\tg c-IDp00NNNNNNNNNNN.......~\lu {~\wd ~\tg .-~\lu .~\wd ~\tg ~\lu }~||||||||||||||||||||||||||||||||||||,,,,
329,My Examples 1:329,,~\wd ~\tg c-IDp00NNNNNNNNNNN.......~\lu {~\wd ~\tg .-~\lu .~\wd ~\tg ~\lu }~||||||||||||||||||||||||||||||||||||,,,,
330,My Examples 1:330,,~\wd ~\tg c-IDp00NNNNNNNNNNN.......~\lu {~\wd ~\tg .-~\lu .~\wd ~\tg ~\lu }~||||||||||||||||||||||||||||||||||||,,,,
331,My Examples 1:331,,~\wd ~\tg c-IDp00NNNNNNNNNNN.......~\lu {~\wd ~\tg .-~\lu .~\wd ~\tg ~\lu }~||||||||||||||||||||||||||||||||||||,,,,
332,My Examples 1:332,,~\wd ~\tg c-IDp00NNNNNNNNNNN.......~\lu {~\wd ~\tg .-~\lu .~\wd ~\tg ~\lu }~||||||||||||||||||||||||||||||||||||,,,,
333,My Examples 1:333,,~\wd ~\tg c-IDp00NNNNNNNNNNN.......~\lu {~\wd ~\tg .-~\lu .~\wd ~\tg ~\lu }~||||||||||||||||||||||||||||||||||||,,,,
334,My Examples 1:334,,~\wd ~\tg c-IDp00NNNNNNNNNNN.......~\lu {~\wd ~\tg .-~\lu .~\wd ~\tg ~\lu }~||||||||||||||||||||||||||||||||||||,,,,
335,My Examples 1:335,,~\wd ~\tg c-IDp00NNNNNNNNNNN.......~\lu {~\wd ~\tg .-~\lu .~\wd ~\tg ~\lu }~||||||||||||||||||||||||||||||||||||,,,,
336,My Examples 1:336,,~\wd ~\tg c-IDp00NNNNNNNNNNN.......~\lu {~\wd ~\tg .-~\lu .~\wd ~\tg ~\lu }~||||||||||||||||||||||||||||||||||||,,,,
337,My Examples 1:337,,~\wd ~\tg c-IDp00NNNNNNNNNNN.......~\lu {~\wd ~\tg .-~\lu .~\wd ~\tg ~\lu }~||||||||||||||||||||||||||||||||||||,,,,
338,My Examples 1:338,,~\wd ~\tg c-IDp00NNNNNNNNNNN.......~\lu {~\wd ~\tg .-~\lu .~\wd ~\tg ~\lu }~||||||||||||||||||||||||||||||||||||,,,,
339,My Examples 1:339,,~\wd ~\tg c-IDp00NNNNNNNNNNN.......~\lu {~\wd ~\tg .-~\lu .~\wd ~\tg ~\lu }~||||||||||||||||||||||||||||||||||||,,,,
340,My Examples 1:340,,~\wd ~\tg c-IDp00NNNNNNNNNNN.......~\lu {~\wd ~\tg .-~\lu .~\wd ~\tg ~\lu }~||||||||||||||||||||||||||||||||||||,,,,
341,My Examples 1:341,,~\wd ~\tg c-IDp00NNNNNNNNNNN.......~\lu {~\wd ~\tg .-~\lu .~\wd ~\tg ~\lu }~||||||||||||||||||||||||||||||||||||,,,,
342,My Examples 1:342,,~\wd ~\tg c-IDp00NNNNNNNNNNN.......~\lu {~\wd ~\tg .-~\lu .~\wd ~\tg ~\lu }~||||||||||||||||||||||||||||||||||||,,,,
343,My Examples 1:343,,~\wd ~\tg c-IDp00NNNNNNNNNNN.......~\lu {~\wd ~\tg .-~\lu .~\wd ~\tg ~\lu }~||||||||||||||||||||||||||||||||||||,,,,
344,My Examples 1:344,,~\wd ~\tg c-IDp00NNNNNNNNNNN.......~\lu {~\wd ~\tg .-~\lu .~\wd ~\tg ~\lu }~||||||||||||||||||||||||||||||||||||,,,,
345,My Examples 1:345,,~\wd ~\tg c-IDp00NNNNNNNNNNN.......~\lu {~\wd ~\tg .-~\lu .~\wd ~\tg ~\lu }~||||||||||||||||||||||||||||||||||||,,,,
346,My Examples 1:346,,~\wd ~\tg c-IDp00NNNNNNNNNNN.......~\lu {~\wd ~\tg .-~\lu .~\wd ~\tg ~\lu }~||||||||||||||||||||||||||||||||||||,,,,
347,My Examples 1:347,,~\wd ~\tg c-IDp00NNNNNNNNNNN.......~\lu {~\wd ~\tg .-~\lu .~\wd ~\tg ~\lu }~||||||||||||||||||||||||||||||||||||,,,,
348,My Examples 1:348,,~\wd ~\tg c-IDp00NNNNNNNNNNN.......~\lu {~\wd ~\tg .-~\lu .~\wd ~\tg ~\lu }~||||||||||||||||||||||||||||||||||||,,,,
349,My Examples 1:349,,~\wd ~\tg c-IDp00NNNNNNNNNNN.......~\lu {~\wd ~\tg .-~\lu .~\wd ~\tg ~\lu }~||||||||||||||||||||||||||||||||||||,,,,
350,My Examples 1:350,,~\wd ~\tg c-IDp00NNNNNNNNNNN.......~\lu {~\wd ~\tg .-~\lu .~\wd ~\tg ~\lu }~||||||||||||||||||||||||||||||||||||,,,,
351,My Examples 1:351,,~\wd ~\tg c-IDp00NNNNNNNNNNN.......~\lu {~\wd ~\tg .-~\lu .~\wd ~\tg ~\lu }~||||||||||||||||||||||||||||||||||||,,,,
352,My Examples 1:352,,~\wd ~\tg c-IDp00NNNNNNNNNNN.......~\lu {~\wd ~\tg .-~\lu .~\wd ~\tg ~\lu }~||||||||||||||||||||||||||||||||||||,,,,
353,My Examples 1:353,,~\wd ~\tg c-IDp00NNNNNNNNNNN.......~\lu {~\wd ~\tg .-~\lu .~\wd ~\tg ~\lu }~||||||||||||||||||||||||||||||||||||,,,,
354,My Examples 1:354,,~\wd ~\tg c-IDp00NNNNNNNNNNN.......~\lu {~\wd ~\tg .-~\lu .~\wd ~\tg ~\lu }~||||||||||||||||||||||||||||||||||||,,,,
355,My Examples 1:355,,~\wd ~\tg c-IDp00NNNNNNNNNNN.......~\lu {~\wd ~\tg .-~\lu .~\wd ~\tg ~\lu }~||||||||||||||||||||||||||||||||||||,,,,
356,My Examples 1:356,,~\wd ~\tg c-IDp00NNNNNNNNNNN.......~\lu {~\wd ~\tg .-~\lu .~\wd ~\tg ~\lu }~||||||||||||||||||||||||||||||||||||,,,,
357,My Examples 1:357,,~\wd ~\tg c-IDp00NNNNNNNNNNN.......~\lu {~\wd ~\tg .-~\lu .~\wd ~\tg ~\lu }~||||||||||||||||||||||||||||||||||||,,,,
358,My Examples 1:358,,~\wd ~\tg c-IDp00NNNNNNNNNNN.......~\lu {~\wd ~\tg .-~\lu .~\wd ~\tg ~\lu }~||||||||||||||||||||||||||||||||||||,,,,
359,My Examples 1:359,,~\wd ~\tg c-IDp00NNNNNNNNNNN.......~\lu {~\wd ~\tg .-~\lu .~\wd ~\tg ~\lu }~||||||||||||||||||||||||||||||||||||,,,,
360,My Examples 1:360,,~\wd ~\tg c-IDp00NNNNNNNNNNN.......~\lu {~\wd ~\tg .-~\lu .~\wd ~\tg ~\lu }~||||||||||||||||||||||||||||||||||||,,,,
361,My Examples 1:361,,~\wd ~\tg c-IDp00NNNNNNNNNNN.......~\lu {~\wd ~\tg .-~\lu .~\wd ~\tg ~\lu }~||||||||||||||||||||||||||||||||||||,,,,
362,My Examples 1:362,,~\wd ~\tg c-IDp00NNNNNNNNNNN.......~\lu {~\wd ~\tg .-~\lu .~\wd ~\tg ~\lu }~||||||||||||||||||||||||||||||||||||,,,,
363,My Examples 1:363,,~\wd ~\tg c-IDp00NNNNNNNNNNN.......~\lu {~\wd ~\tg .-~\lu .~\wd ~\tg ~\lu }~||||||||||||||||||||||||||||||||||||,,,,
364,My Examples 1:364,,~\wd ~\tg c-IDp00NNNNNNNNNNN.......~\lu {~\wd ~\tg .-~\lu .~\wd ~\tg ~\lu }~||||||||||||||||||||||||||||||||||||,,,,
365,My Examples 1:365,,~\wd ~\tg c-IDp00NNNNNNNNNNN.......~\lu {~\wd ~\tg .-~\lu .~\wd ~\tg ~\lu }~||||||||||||||||||||||||||||||||||||,,,,
366,My Examples 1:366,,~\wd ~\tg c-IDp00NNNNNNNNNNN.......~\lu {~\wd ~\tg .-~\lu .~\wd ~\tg ~\lu }~||||||||||||||||||||||||||||||||||||,,,,
367,My Examples 1:367,,~\wd ~\tg c-IDp00NNNNNNNNNNN.......~\lu {~\wd ~\tg .-~\lu .~\wd ~\tg ~\lu }~||||||||||||||||||||||||||||||||||||,,,,
368,My Examples 1:368,,~\wd ~\tg c-IDp00NNNNNNNNNNN.......~\lu {~\wd ~\tg .-~\lu .~\wd ~\tg ~\lu }~||||||||||||||||||||||||||||||||||||,,,,
369,My Examples 1:369,,~\wd ~\tg c-IDp00NNNNNNNNNNN.......~\lu {~\wd ~\tg .-~\lu .~\wd ~\tg ~\lu }~||||||||||||||||||||||||||||||||||||,,,,
370,My Examples 1:370,,~\wd ~\tg c-IDp00NNNNNNNNNNN.......~\lu {~\wd ~\tg .-~\lu .~\wd ~\tg ~\lu }~||||||||||||||||||||||||||||||||||||,,,,
371,My Examples 1:371,,~\wd ~\tg c-IDp00NNNNNNNNNNN.......~\lu {~\wd ~\tg .-~\lu .~\wd ~\tg ~\lu }~||||||||||||||||||||||||||||||||||||,,,,
372,My Examples 1:372,,~\wd ~\tg c-IDp00NNNNNNNNNNN.......~\lu {~\wd ~\tg .-~\lu .~\wd ~\tg ~\lu }~||||||||||||||||||||||||||||||||||||,,,,
373,My Examples 1:373,,~\wd ~\tg c-IDp00NNNNNNNNNNN.......~\lu {~\wd ~\tg .-~\lu .~\wd ~\tg ~\lu }~||||||||||||||||||||||||||||||||||||,,,,
374,My Examples 1:374,,~\wd ~\tg c-IDp00NNNNNNNNNNN.......~\lu {~\wd ~\tg .-~\lu .~\wd ~\tg ~\lu }~||||||||||||||||||||||||||||||||||||,,,,
375,My Examples 1:375,,~\wd ~\tg c-IDp00NNNNNNNNNNN.......~\lu {~\wd ~\tg .-~\lu .~\wd ~\tg ~\lu }~||||||||||||||||||||||||||||||||||||,,,,
376,My Examples 1:376,,~\wd ~\tg c-IDp00NNNNNNNNNNN.......~\lu {~\wd ~\tg .-~\lu .~\wd ~\tg ~\lu }~||||||||||||||||||||||||||||||||||||,,,,
377,My Examples 1:377,,~\wd ~\tg c-IDp00NNNNNNNNNNN.......~\lu {~\wd ~\tg .-~\lu .~\wd ~\tg ~\lu }~||||||||||||||||||||||||||||||||||||,,,,
378,My Examples 1:378,,~\wd ~\tg c-IDp00NNNNNNNNNNN.......~\lu {~\wd ~\tg .-~\lu .~\wd ~\tg ~\lu }~||||||||||||||||||||||||||||||||||||,,,,
379,My Examples 1:379,,~\wd ~\tg c-IDp00NNNNNNNNNNN.......~\lu {~\wd ~\tg .-~\lu .~\wd ~\tg ~\lu }~||||||||||||||||||||||||||||||||||||,,,,
380,My Examples 1:380,,~\wd ~\tg c-IDp00NNNNNNNNNNN.......~\lu {~\wd ~\tg .-~\lu .~\wd ~\tg ~\lu }~||||||||||||||||||||||||||||||||||||,,,,
381,My Examples 1:381,,~\wd ~\tg c-IDp00NNNNNNNNNNN.......~\lu {~\wd ~\tg .-~\lu .~\wd ~\tg ~\lu }~||||||||||||||||||||||||||||||||||||,,,,
382,My Examples 1:382,,~\wd ~\tg c-IDp00NNNNNNNNNNN.......~\lu {~\wd ~\tg .-~\lu .~\wd ~\tg ~\lu }~||||||||||||||||||||||||||||||||||||,,,,
383,My Examples 1:383,,~\wd ~\tg c-IDp00NNNNNNNNNNN.......~\lu {~\wd ~\tg .-~\lu .~\wd ~\tg ~\lu }~||||||||||||||||||||||||||||||||||||,,,,
384,My Examples 1:384,,~\wd ~\tg c-IDp00NNNNNNNNNNN.......~\lu {~\wd ~\tg .-~\lu .~\wd ~\tg ~\lu }~||||||||||||||||||||||||||||||||||||,,,,
385,My Examples 1:385,,~\wd ~\tg c-IDp00NNNNNNNNNNN.......~\lu {~\wd ~\tg .-~\lu .~\wd ~\tg ~\lu }~||||||||||||||||||||||||||||||||||||,,,,
386,My Examples 1:386,,~\wd ~\tg c-IDp00NNNNNNNNNNN.......~\lu {~\wd ~\tg .-~\lu .~\wd ~\tg ~\lu }~||||||||||||||||||||||||||||||||||||,,,,
387,My Examples 1:387,,~\wd ~\tg c-IDp00NNNNNNNNNNN.......~\lu {~\wd ~\tg .-~\lu .~\wd ~\tg ~\lu }~||||||||||||||||||||||||||||||||||||,,,,
388,My Examples 1:388,,~\wd ~\tg c-IDp00NNNNNNNNNNN.......~\lu {~\wd ~\tg .-~\lu .~\wd ~\tg ~\lu }~||||||||||||||||||||||||||||||||||||,,,,
389,My Examples 1:389,,~\wd ~\tg c-IDp00NNNNNNNNNNN.......~\lu {~\wd ~\tg .-~\lu .~\wd ~\tg ~\lu }~||||||||||||||||||||||||||||||||||||,,,,
390,My Examples 1:390,,~\wd ~\tg c-IDp00NNNNNNNNNNN.......~\lu {~\wd ~\tg .-~\lu .~\wd ~\tg ~\lu }~||||||||||||||||||||||||||||||||||||,,,,
391,My Examples 1:391,,~\wd ~\tg c-IDp00NNNNNNNNNNN.......~\lu {~\wd ~\tg .-~\lu .~\wd ~\tg ~\lu }~||||||||||||||||||||||||||||||||||||,,,,
392,My Examples 1:392,,~\wd ~\tg c-IDp00NNNNNNNNNNN.......~\lu {~\wd ~\tg .-~\lu .~\wd ~\tg ~\lu }~||||||||||||||||||||||||||||||||||||,,,,
393,My Examples 1:393,,~\wd ~\tg c-IDp00NNNNNNNNNNN.......~\lu {~\wd ~\tg .-~\lu .~\wd ~\tg ~\lu }~||||||||||||||||||||||||||||||||||||,,,,
394,My Examples 1:394,,~\wd ~\tg c-IDp00NNNNNNNNNNN.......~\lu {~\wd ~\tg .-~\lu .~\wd ~\tg ~\lu }~||||||||||||||||||||||||||||||||||||,,,,
395,My Examples 1:395,,~\wd ~\tg c-IDp00NNNNNNNNNNN.......~\lu {~\wd ~\tg .-~\lu .~\wd ~\tg ~\lu }~||||||||||||||||||||||||||||||||||||,,,,
396,My Examples 1:396,,~\wd ~\tg c-IDp00NNNNNNNNNNN.......~\lu {~\wd ~\tg .-~\lu .~\wd ~\tg ~\lu }~||||||||||||||||||||||||||||||||||||,,,,
397,My Examples 1:397,,~\wd ~\tg c-IDp00NNNNNNNNNNN.......~\lu {~\wd ~\tg .-~\lu .~\wd ~\tg ~\lu }~||||||||||||||||||||||||||||||||||||,,,,
398,My Examples 1:398,,~\wd ~\tg c-IDp00NNNNNNNNNNN.......~\lu {~\wd ~\tg .-~\lu .~\wd ~\tg ~\lu }~||||||||||||||||||||||||||||||||||||,,,,
399,My Examples 1:399,,~\wd ~\tg c-IDp00NNNNNNNNNNN.......~\lu {~\wd ~\tg .-~\lu .~\wd ~\tg ~\lu }~||||||||||||||||||||||||||||||||||||,,,,
400,My Examples 1:400,,~\wd ~\tg c-IDp00NNNNNNNNNNN.......~\lu {~\wd ~\tg .-~\lu .~\wd ~\tg ~\lu }~||||||||||||||||||||||||||||||||||||,,,,
401,My Examples 1:401,,~\wd ~\tg c-IDp00NNNNNNNNNNN.......~\lu {~\wd ~\tg .-~\lu .~\wd ~\tg ~\lu }~||||||||||||||||||||||||||||||||||||,,,,
402,My Examples 1:402,,~\wd ~\tg c-IDp00NNNNNNNNNNN.......~\lu {~\wd ~\tg .-~\lu .~\wd ~\tg ~\lu }~||||||||||||||||||||||||||||||||||||,,,,
403,My Examples 1:403,,~\wd ~\tg c-IDp00NNNNNNNNNNN.......~\lu {~\wd ~\tg .-~\lu .~\wd ~\tg ~\lu }~||||||||||||||||||||||||||||||||||||,,,,
404,My Examples 1:404,,~\wd ~\tg c-IDp00NNNNNNNNNNN.......~\lu {~\wd ~\tg .-~\lu .~\wd ~\tg ~\lu }~||||||||||||||||||||||||||||||||||||,,,,
405,My Examples 1:405,,~\wd ~\tg c-IDp00NNNNNNNNNNN.......~\lu {~\wd ~\tg .-~\lu .~\wd ~\tg ~\lu }~||||||||||||||||||||||||||||||||||||,,,,
406,My Examples 1:406,,~\wd ~\tg c-IDp00NNNNNNNNNNN.......~\lu {~\wd ~\tg .-~\lu .~\wd ~\tg ~\lu }~||||||||||||||||||||||||||||||||||||,,,,
407,My Examples 1:407,,~\wd ~\tg c-IDp00NNNNNNNNNNN.......~\lu {~\wd ~\tg .-~\lu .~\wd ~\tg ~\lu }~||||||||||||||||||||||||||||||||||||,,,,
408,My Examples 1:408,,~\wd ~\tg c-IDp00NNNNNNNNNNN.......~\lu {~\wd ~\tg .-~\lu .~\wd ~\tg ~\lu }~||||||||||||||||||||||||||||||||||||,,,,
409,My Examples 1:409,,~\wd ~\tg c-IDp00NNNNNNNNNNN.......~\lu {~\wd ~\tg .-~\lu .~\wd ~\tg ~\lu }~||||||||||||||||||||||||||||||||||||,,,,
410,My Examples 1:410,,~\wd ~\tg c-IDp00NNNNNNNNNNN.......~\lu {~\wd ~\tg .-~\lu .~\wd ~\tg ~\lu }~||||||||||||||||||||||||||||||||||||,,,,
411,My Examples 1:411,,~\wd ~\tg c-IDp00NNNNNNNNNNN.......~\lu {~\wd ~\tg .-~\lu .~\wd ~\tg ~\lu }~||||||||||||||||||||||||||||||||||||,,,,
412,My Examples 1:412,,~\wd ~\tg c-IDp00NNNNNNNNNNN.......~\lu {~\wd ~\tg .-~\lu .~\wd ~\tg ~\lu }~||||||||||||||||||||||||||||||||||||,,,,
413,My Examples 1:413,,~\wd ~\tg c-IDp00NNNNNNNNNNN.......~\lu {~\wd ~\tg .-~\lu .~\wd ~\tg ~\lu }~||||||||||||||||||||||||||||||||||||,,,,
414,My Examples 1:414,,~\wd ~\tg c-IDp00NNNNNNNNNNN.......~\lu {~\wd ~\tg .-~\lu .~\wd ~\tg ~\lu }~||||||||||||||||||||||||||||||||||||,,,,
415,My Examples 1:415,,~\wd ~\tg c-IDp00NNNNNNNNNNN.......~\lu {~\wd ~\tg .-~\lu .~\wd ~\tg ~\lu }~||||||||||||||||||||||||||||||||||||,,,,
416,My Examples 1:416,,~\wd ~\tg c-IDp00NNNNNNNNNNN.......~\lu {~\wd ~\tg .-~\lu .~\wd ~\tg ~\lu }~||||||||||||||||||||||||||||||||||||,,,,
417,My Examples 1:417,,~\wd ~\tg c-IDp00NNNNNNNNNNN.......~\lu {~\wd ~\tg .-~\lu .~\wd ~\tg ~\lu }~||||||||||||||||||||||||||||||||||||,,,,
418,My Examples 1:418,,~\wd ~\tg c-IDp00NNNNNNNNNNN.......~\lu {~\wd ~\tg .-~\lu .~\wd ~\tg ~\lu }~||||||||||||||||||||||||||||||||||||,,,,
419,My Examples 1:419,,~\wd ~\tg c-IDp00NNNNNNNNNNN.......~\lu {~\wd ~\tg .-~\lu .~\wd ~\tg ~\lu }~||||||||||||||||||||||||||||||||||||,,,,
420,My Examples 1:420,,~\wd ~\tg c-IDp00NNNNNNNNNNN.......~\lu {~\wd ~\tg .-~\lu .~\wd ~\tg ~\lu }~||||||||||||||||||||||||||||||||||||,,,,
421,My Examples 1:421,,~\wd ~\tg c-IDp00NNNNNNNNNNN.......~\lu {~\wd ~\tg .-~\lu .~\wd ~\tg ~\lu }~||||||||||||||||||||||||||||||||||||,,,,
422,My Examples 1:422,,~\wd ~\tg c-IDp00NNNNNNNNNNN.......~\lu {~\wd ~\tg .-~\lu .~\wd ~\tg ~\lu }~||||||||||||||||||||||||||||||||||||,,,,
423,My Examples 1:423,,~\wd ~\tg c-IDp00NNNNNNNNNNN.......~\lu {~\wd ~\tg .-~\lu .~\wd ~\tg ~\lu }~||||||||||||||||||||||||||||||||||||,,,,
424,My Examples 1:424,,~\wd ~\tg c-IDp00NNNNNNNNNNN.......~\lu {~\wd ~\tg .-~\lu .~\wd ~\tg ~\lu }~||||||||||||||||||||||||||||||||||||,,,,
425,My Examples 1:425,,~\wd ~\tg c-IDp00NNNNNNNNNNN.......~\lu {~\wd ~\tg .-~\lu .~\wd ~\tg ~\lu }~||||||||||||||||||||||||||||||||||||,,,,
426,My Examples 1:426,,~\wd ~\tg c-IDp00NNNNNNNNNNN.......~\lu {~\wd ~\tg .-~\lu .~\wd ~\tg ~\lu }~||||||||||||||||||||||||||||||||||||,,,,
427,My Examples 1:427,,~\wd ~\tg c-IDp00NNNNNNNNNNN.......~\lu {~\wd ~\tg .-~\lu .~\wd ~\tg ~\lu }~||||||||||||||||||||||||||||||||||||,,,,
428,My Examples 1:428,,~\wd ~\tg c-IDp00NNNNNNNNNNN.......~\lu {~\wd ~\tg .-~\lu .~\wd ~\tg ~\lu }~||||||||||||||||||||||||||||||||||||,,,,
429,My Examples 1:429,,~\wd ~\tg c-IDp00NNNNNNNNNNN.......~\lu {~\wd ~\tg .-~\lu .~\wd ~\tg ~\lu }~||||||||||||||||||||||||||||||||||||,,,,
430,My Examples 1:430,,~\wd ~\tg c-IDp00NNNNNNNNNNN.......~\lu {~\wd ~\tg .-~\lu .~\wd ~\tg ~\lu }~||||||||||||||||||||||||||||||||||||,,,,
431,My Examples 1:431,,~\wd ~\tg c-IDp00NNNNNNNNNNN.......~\lu {~\wd ~\tg .-~\lu .~\wd ~\tg ~\lu }~||||||||||||||||||||||||||||||||||||,,,,
432,My Examples 1:432,,~\wd ~\tg c-IDp00NNNNNNNNNNN.......~\lu {~\wd ~\tg .-~\lu .~\wd ~\tg ~\lu }~||||||||||||||||||||||||||||||||||||,,,,
433,My Examples 1:433,,~\wd ~\tg c-IDp00NNNNNNNNNNN.......~\lu {~\wd ~\tg .-~\lu .~\wd ~\tg ~\lu }~||||||||||||||||||||||||||||||||||||,,,,
434,My Examples 1:434,,~\wd ~\tg c-IDp00NNNNNNNNNNN.......~\lu {~\wd ~\tg .-~\lu .~\wd ~\tg ~\lu }~||||||||||||||||||||||||||||||||||||,,,,
435,My Examples 1:435,,~\wd ~\tg c-IDp00NNNNNNNNNNN.......~\lu {~\wd ~\tg .-~\lu .~\wd ~\tg ~\lu }~||||||||||||||||||||||||||||||||||||,,,,
436,My Examples 1:436,,~\wd ~\tg c-IDp00NNNNNNNNNNN.......~\lu {~\wd ~\tg .-~\lu .~\wd ~\tg ~\lu }~||||||||||||||||||||||||||||||||||||,,,,
437,My Examples 1:437,,~\wd ~\tg c-IDp00NNNNNNNNNNN.......~\lu {~\wd ~\tg .-~\lu .~\wd ~\tg ~\lu }~||||||||||||||||||||||||||||||||||||,,,,
438,My Examples 1:438,,~\wd ~\tg c-IDp00NNNNNNNNNNN.......~\lu {~\wd ~\tg .-~\lu .~\wd ~\tg ~\lu }~||||||||||||||||||||||||||||||||||||,,,,
439,My Examples 1:439,,~\wd ~\tg c-IDp00NNNNNNNNNNN.......~\lu {~\wd ~\tg .-~\lu .~\wd ~\tg ~\lu }~||||||||||||||||||||||||||||||||||||,,,,
440,My Examples 1:440,,~\wd ~\tg c-IDp00NNNNNNNNNNN.......~\lu {~\wd ~\tg .-~\lu .~\wd ~\tg ~\lu }~||||||||||||||||||||||||||||||||||||,,,,
441,My Examples 1:441,,~\wd ~\tg c-IDp00NNNNNNNNNNN.......~\lu {~\wd ~\tg .-~\lu .~\wd ~\tg ~\lu }~||||||||||||||||||||||||||||||||||||,,,,
442,My Examples 1:442,,~\wd ~\tg c-IDp00NNNNNNNNNNN.......~\lu {~\wd ~\tg .-~\lu .~\wd ~\tg ~\lu }~||||||||||||||||||||||||||||||||||||,,,,
443,My Examples 1:443,,~\wd ~\tg c-IDp00NNNNNNNNNNN.......~\lu {~\wd ~\tg .-~\lu .~\wd ~\tg ~\lu }~||||||||||||||||||||||||||||||||||||,,,,
444,My Examples 1:444,,~\wd ~\tg c-IDp00NNNNNNNNNNN.......~\lu {~\wd ~\tg .-~\lu .~\wd ~\tg ~\lu }~||||||||||||||||||||||||||||||||||||,,,,
445,My Examples 1:445,,~\wd ~\tg c-IDp00NNNNNNNNNNN.......~\lu {~\wd ~\tg .-~\lu .~\wd ~\tg ~\lu }~||||||||||||||||||||||||||||||||||||,,,,
446,My Examples 1:446,,~\wd ~\tg c-IDp00NNNNNNNNNNN.......~\lu {~\wd ~\tg .-~\lu .~\wd ~\tg ~\lu }~||||||||||||||||||||||||||||||||||||,,,,
447,My Examples 1:447,,~\wd ~\tg c-IDp00NNNNNNNNNNN.......~\lu {~\wd ~\tg .-~\lu .~\wd ~\tg ~\lu }~||||||||||||||||||||||||||||||||||||,,,,
448,My Examples 1:448,,~\wd ~\tg c-IDp00NNNNNNNNNNN.......~\lu {~\wd ~\tg .-~\lu .~\wd ~\tg ~\lu }~||||||||||||||||||||||||||||||||||||,,,,
449,My Examples 1:449,,~\wd ~\tg c-IDp00NNNNNNNNNNN.......~\lu {~\wd ~\tg .-~\lu .~\wd ~\tg ~\lu }~||||||||||||||||||||||||||||||||||||,,,,
450,My Examples 1:450,,~\wd ~\tg c-IDp00NNNNNNNNNNN.......~\lu {~\wd ~\tg .-~\lu .~\wd ~\tg ~\lu }~||||||||||||||||||||||||||||||||||||,,,,
451,My Examples 1:451,,~\wd ~\tg c-IDp00NNNNNNNNNNN.......~\lu {~\wd ~\tg .-~\lu .~\wd ~\tg ~\lu }~||||||||||||||||||||||||||||||||||||,,,,
452,My Examples 1:452,,~\wd ~\tg c-IDp00NNNNNNNNNNN.......~\lu {~\wd ~\tg .-~\lu .~\wd ~\tg ~\lu }~||||||||||||||||||||||||||||||||||||,,,,
453,My Examples 1:453,,~\wd ~\tg c-IDp00NNNNNNNNNNN.......~\lu {~\wd ~\tg .-~\lu .~\wd ~\tg ~\lu }~||||||||||||||||||||||||||||||||||||,,,,
454,My Examples 1:454,,~\wd ~\tg c-IDp00NNNNNNNNNNN.......~\lu {~\wd ~\tg .-~\lu .~\wd ~\tg ~\lu }~||||||||||||||||||||||||||||||||||||,,,,
455,My Examples 1:455,,~\wd ~\tg c-IDp00NNNNNNNNNNN.......~\lu {~\wd ~\tg .-~\lu .~\wd ~\tg ~\lu }~||||||||||||||||||||||||||||||||||||,,,,
456,My Examples 1:456,,~\wd ~\tg c-IDp00NNNNNNNNNNN.......~\lu {~\wd ~\tg .-~\lu .~\wd ~\tg ~\lu }~||||||||||||||||||||||||||||||||||||,,,,
457,My Examples 1:457,,~\wd ~\tg c-IDp00NNNNNNNNNNN.......~\lu {~\wd ~\tg .-~\lu .~\wd ~\tg ~\lu }~||||||||||||||||||||||||||||||||||||,,,,
458,My Examples 1:458,,~\wd ~\tg c-IDp00NNNNNNNNNNN.......~\lu {~\wd ~\tg .-~\lu .~\wd ~\tg ~\lu }~||||||||||||||||||||||||||||||||||||,,,,
459,My Examples 1:459,,~\wd ~\tg c-IDp00NNNNNNNNNNN.......~\lu {~\wd ~\tg .-~\lu .~\wd ~\tg ~\lu }~||||||||||||||||||||||||||||||||||||,,,,
460,My Examples 1:460,,~\wd ~\tg c-IDp00NNNNNNNNNNN.......~\lu {~\wd ~\tg .-~\lu .~\wd ~\tg ~\lu }~||||||||||||||||||||||||||||||||||||,,,,
461,My Examples 1:461,,~\wd ~\tg c-IDp00NNNNNNNNNNN.......~\lu {~\wd ~\tg .-~\lu .~\wd ~\tg ~\lu }~||||||||||||||||||||||||||||||||||||,,,,
462,My Examples 1:462,,~\wd ~\tg c-IDp00NNNNNNNNNNN.......~\lu {~\wd ~\tg .-~\lu .~\wd ~\tg ~\lu }~||||||||||||||||||||||||||||||||||||,,,,
463,My Examples 1:463,,~\wd ~\tg c-IDp00NNNNNNNNNNN.......~\lu {~\wd ~\tg .-~\lu .~\wd ~\tg ~\lu }~||||||||||||||||||||||||||||||||||||,,,,
464,My Examples 1:464,,~\wd ~\tg c-IDp00NNNNNNNNNNN.......~\lu {~\wd ~\tg .-~\lu .~\wd ~\tg ~\lu }~||||||||||||||||||||||||||||||||||||,,,,
465,My Examples 1:465,,~\wd ~\tg c-IDp00NNNNNNNNNNN.......~\lu {~\wd ~\tg .-~\lu .~\wd ~\tg ~\lu }~||||||||||||||||||||||||||||||||||||,,,,
466,My Examples 1:466,,~\wd ~\tg c-IDp00NNNNNNNNNNN.......~\lu {~\wd ~\tg .-~\lu .~\wd ~\tg ~\lu }~||||||||||||||||||||||||||||||||||||,,,,
467,My Examples 1:467,,~\wd ~\tg c-IDp00NNNNNNNNNNN.......~\lu {~\wd ~\tg .-~\lu .~\wd ~\tg ~\lu }~||||||||||||||||||||||||||||||||||||,,,,
468,My Examples 1:468,,~\wd ~\tg c-IDp00NNNNNNNNNNN.......~\lu {~\wd ~\tg .-~\lu .~\wd ~\tg ~\lu }~||||||||||||||||||||||||||||||||||||,,,,
469,My Examples 1:469,,~\wd ~\tg c-IDp00NNNNNNNNNNN.......~\lu {~\wd ~\tg .-~\lu .~\wd ~\tg ~\lu }~||||||||||||||||||||||||||||||||||||,,,,
470,My Examples 1:470,,~\wd ~\tg c-IDp00NNNNNNNNNNN.......~\lu {~\wd ~\tg .-~\lu .~\wd ~\tg ~\lu }~||||||||||||||||||||||||||||||||||||,,,,
471,My Examples 1:471,,~\wd ~\tg c-IDp00NNNNNNNNNNN.......~\lu {~\wd ~\tg .-~\lu .~\wd ~\tg ~\lu }~||||||||||||||||||||||||||||||||||||,,,,
472,My Examples 1:472,,~\wd ~\tg c-IDp00NNNNNNNNNNN.......~\lu {~\wd ~\tg .-~\lu .~\wd ~\tg ~\lu }~||||||||||||||||||||||||||||||||||||,,,,
473,My Examples 1:473,,~\wd ~\tg c-IDp00NNNNNNNNNNN.......~\lu {~\wd ~\tg .-~\lu .~\wd ~\tg ~\lu }~||||||||||||||||||||||||||||||||||||,,,,
474,My Examples 1:474,,~\wd ~\tg c-IDp00NNNNNNNNNNN.......~\lu {~\wd ~\tg .-~\lu .~\wd ~\tg ~\lu }~||||||||||||||||||||||||||||||||||||,,,,
475,My Examples 1:475,,~\wd ~\tg c-IDp00NNNNNNNNNNN.......~\lu {~\wd ~\tg .-~\lu .~\wd ~\tg ~\lu }~||||||||||||||||||||||||||||||||||||,,,,
476,My Examples 1:476,,~\wd ~\tg c-IDp00NNNNNNNNNNN.......~\lu {~\wd ~\tg .-~\lu .~\wd ~\tg ~\lu }~||||||||||||||||||||||||||||||||||||,,,,
477,My Examples 1:477,,~\wd ~\tg c-IDp00NNNNNNNNNNN.......~\lu {~\wd ~\tg .-~\lu .~\wd ~\tg ~\lu }~||||||||||||||||||||||||||||||||||||,,,,
478,My Examples 1:478,,~\wd ~\tg c-IDp00NNNNNNNNNNN.......~\lu {~\wd ~\tg .-~\lu .~\wd ~\tg ~\lu }~||||||||||||||||||||||||||||||||||||,,,,
479,My Examples 1:479,,~\wd ~\tg c-IDp00NNNNNNNNNNN.......~\lu {~\wd ~\tg .-~\lu .~\wd ~\tg ~\lu }~||||||||||||||||||||||||||||||||||||,,,,
480,My Examples 1:480,,~\wd ~\tg c-IDp00NNNNNNNNNNN.......~\lu {~\wd ~\tg .-~\lu .~\wd ~\tg ~\lu }~||||||||||||||||||||||||||||||||||||,,,,
481,My Examples 1:481,,~\wd ~\tg c-IDp00NNNNNNNNNNN.......~\lu {~\wd ~\tg .-~\lu .~\wd ~\tg ~\lu }~||||||||||||||||||||||||||||||||||||,,,,
482,My Examples 1:482,,~\wd ~\tg c-IDp00NNNNNNNNNNN.......~\lu {~\wd ~\tg .-~\lu .~\wd ~\tg ~\lu }~||||||||||||||||||||||||||||||||||||,,,,
483,My Examples 1:483,,~\wd ~\tg c-IDp00NNNNNNNNNNN.......~\lu {~\wd ~\tg .-~\lu .~\wd ~\tg ~\lu }~||||||||||||||||||||||||||||||||||||,,,,
484,My Examples 1:484,,~\wd ~\tg c-IDp00NNNNNNNNNNN.......~\lu {~\wd ~\tg .-~\lu .~\wd ~\tg ~\lu }~||||||||||||||||||||||||||||||||||||,,,,
485,My Examples 1:485,,~\wd ~\tg c-IDp00NNNNNNNNNNN.......~\lu {~\wd ~\tg .-~\lu .~\wd ~\tg ~\lu }~||||||||||||||||||||||||||||||||||||,,,,
486,My Examples 1:486,,~\wd ~\tg c-IDp00NNNNNNNNNNN.......~\lu {~\wd ~\tg .-~\lu .~\wd ~\tg ~\lu }~||||||||||||||||||||||||||||||||||||,,,,
487,My Examples 1:487,,~\wd ~\tg c-IDp00NNNNNNNNNNN.......~\lu {~\wd ~\tg .-~\lu .~\wd ~\tg ~\lu }~||||||||||||||||||||||||||||||||||||,,,,
488,My Examples 1:488,,~\wd ~\tg c-IDp00NNNNNNNNNNN.......~\lu {~\wd ~\tg .-~\lu .~\wd ~\tg ~\lu }~||||||||||||||||||||||||||||||||||||,,,,
489,My Examples 1:489,,~\wd ~\tg c-IDp00NNNNNNNNNNN.......~\lu {~\wd ~\tg .-~\lu .~\wd ~\tg ~\lu }~||||||||||||||||||||||||||||||||||||,,,,
490,My Examples 1:490,,~\wd ~\tg c-IDp00NNNNNNNNNNN.......~\lu {~\wd ~\tg .-~\lu .~\wd ~\tg ~\lu }~||||||||||||||||||||||||||||||||||||,,,,
491,My Examples 1:491,,~\wd ~\tg c-IDp00NNNNNNNNNNN.......~\lu {~\wd ~\tg .-~\lu .~\wd ~\tg ~\lu }~||||||||||||||||||||||||||||||||||||,,,,
492,My Examples 1:492,,~\wd ~\tg c-IDp00NNNNNNNNNNN.......~\lu {~\wd ~\tg .-~\lu .~\wd ~\tg ~\lu }~||||||||||||||||||||||||||||||||||||,,,,
493,My Examples 1:493,,~\wd ~\tg c-IDp00NNNNNNNNNNN.......~\lu {~\wd ~\tg .-~\lu .~\wd ~\tg ~\lu }~||||||||||||||||||||||||||||||||||||,,,,
494,My Examples 1:494,,~\wd ~\tg c-IDp00NNNNNNNNNNN.......~\lu {~\wd ~\tg .-~\lu .~\wd ~\tg ~\lu }~||||||||||||||||||||||||||||||||||||,,,,
495,My Examples 1:495,,~\wd ~\tg c-IDp00NNNNNNNNNNN.......~\lu {~\wd ~\tg .-~\lu .~\wd ~\tg ~\lu }~||||||||||||||||||||||||||||||||||||,,,,
496,My Examples 1:496,,~\wd ~\tg c-IDp00NNNNNNNNNNN.......~\lu {~\wd ~\tg .-~\lu .~\wd ~\tg ~\lu }~||||||||||||||||||||||||||||||||||||,,,,
497,My Examples 1:497,,~\wd ~\tg c-IDp00NNNNNNNNNNN.......~\lu {~\wd ~\tg .-~\lu .~\wd ~\tg ~\lu }~||||||||||||||||||||||||||||||||||||,,,,
498,My Examples 1:498,,~\wd ~\tg c-IDp00NNNNNNNNNNN.......~\lu {~\wd ~\tg .-~\lu .~\wd ~\tg ~\lu }~||||||||||||||||||||||||||||||||||||,,,,
499,My Examples 1:499,,~\wd ~\tg c-IDp00NNNNNNNNNNN.......~\lu {~\wd ~\tg .-~\lu .~\wd ~\tg ~\lu }~||||||||||||||||||||||||||||||||||||,,,,
500,My Examples 1:500,Mary read a book.,~\wd ~\tg c-IDp00NNNNNNNNNNN...............~\lu {~\wd ~\tg n-SpN.N........~\lu (~\wd ~\tg N-1A1SDAnK3NN........~\lu Mary~\wd ~\tg ~\lu )~\wd ~\tg v-S.....~\lu (~\wd ~\tg V-1ArUINAN...........~\lu read~\wd ~\tg ~\lu )~\wd ~\tg n-SPN.N........~\lu (~\wd ~\tg N-1A2SIAnK3NN........~\lu book~\wd ~\tg ~\lu )~\wd ~\tg .-~\lu .~\wd ~\tg ~\lu }~|AMary|Abook||||||||||||||||||||||||||||||||||,,,,
