ID,Name,Structure,Comment,SavedText,NameFonts,CommentFonts
1,  walk,"{~|c-I,D,p,0,0,N,N,N,N,N,N,N,N,N,N,N,.,.,.,.,.,A,.,~|(~|n-S,p,N,.,.,.,.,.,.,.,.,.,S,~|-10----~|N-S,D,A,n,K,3,N,N,.,.,.,.,.,.,.,.,~|3)~|~|-1(~|v-S,.,.,.,.,.,~|0----~|V-P,U,I,N,A,N,.,.,.,.,.,.,.,.,.,.,~|1)~|~|}~|~|",  ,walks,"3,6",
281,"  walk (Time=Past, Aspect=Unmarked, Mood=Indicative, Polarity=Affirmative)","{~|c-I,D,p,0,0,N,N,N,N,N,N,N,N,N,N,N,.,.,.,.,.,A,.,~|(~|n-S,p,N,.,.,.,.,.,.,.,.,.,S,~|-10----~|N-S,D,A,n,K,3,N,N,.,.,.,.,.,.,.,.,~|3)~|~|-1(~|v-S,.,.,.,.,.,~|0----~|V-Y,U,I,N,A,N,P,.,.,.,.,.,.,.,.,.,~|1)~|~|}~|~|",  ,walked,"3,6",
282,"  walk (Time=Future, Aspect=Unmarked, Mood=Indicative, Polarity=Affirmative)","{~|c-I,D,p,0,0,N,N,N,N,N,N,N,N,N,N,N,.,.,.,.,.,A,.,~|(~|n-S,p,N,.,.,.,.,.,.,.,.,.,S,~|-10----~|N-S,D,A,n,K,3,N,N,.,.,.,.,.,.,.,.,~|3)~|~|-1(~|v-S,.,.,.,.,.,~|0----~|V-Z,U,I,N,A,N,p,.,.,.,.,.,.,.,.,.,~|1)~|~|}~|~|",  ,will walk,"3,6",
283,"  walk (Time=Present, Aspect=Unmarked, Mood=Indicative, Polarity=Affirmative)","{~|c-I,D,p,0,0,N,N,N,N,N,N,N,N,N,N,N,.,.,.,.,.,A,.,~|(~|n-S,p,N,.,.,.,.,.,.,.,.,.,S,~|-10----~|N-S,D,A,n,K,3,N,N,.,.,.,.,.,.,.,.,~|3)~|~|-1(~|v-S,.,.,.,.,.,~|0----~|V-P,U,I,N,A,N,p,.,.,.,.,.,.,.,.,.,~|1)~|~|}~|~|",  ,walks,"3,6",
284,"  walk (Time=Past, Aspect=Completive, Mood=Indicative, Polarity=Affirmative)","{~|c-I,D,p,0,0,N,N,N,N,N,N,N,N,N,N,N,.,.,.,.,.,A,.,~|(~|n-S,p,N,.,.,.,.,.,.,.,.,.,S,~|-10----~|N-S,D,A,n,K,3,N,N,.,.,.,.,.,.,.,.,~|3)~|~|-1(~|v-S,.,.,.,.,.,~|0----~|V-Y,C,I,N,A,N,p,.,.,.,.,.,.,.,.,.,~|1)~|~|}~|~|",  ,finished walking,"3,6",
285,"  walk (Time=Future, Aspect=Completive, Mood=Indicative, Polarity=Affirmative)","{~|c-I,D,p,0,0,N,N,N,N,N,N,N,N,N,N,N,.,.,.,.,.,A,.,~|(~|n-S,p,N,.,.,.,.,.,.,.,.,.,S,~|-10----~|N-S,D,A,n,K,3,N,N,.,.,.,.,.,.,.,.,~|3)~|~|-1(~|v-S,.,.,.,.,.,~|0----~|V-Z,C,I,N,A,N,p,.,.,.,.,.,.,.,.,.,~|1)~|~|}~|~|",  ,will finish walking,"3,6",
286,"  walk (Time=Present, Aspect=Completive, Mood=Indicative, Polarity=Affirmative)","{~|c-I,D,p,0,0,N,N,N,N,N,N,N,N,N,N,N,.,.,.,.,.,A,.,~|(~|n-S,p,N,.,.,.,.,.,.,.,.,.,S,~|-10----~|N-S,D,A,n,K,3,N,N,.,.,.,.,.,.,.,.,~|3)~|~|-1(~|v-S,.,.,.,.,.,~|0----~|V-P,C,I,N,A,N,p,.,.,.,.,.,.,.,.,.,~|1)~|~|}~|~|",  ,finishes walking,"3,6",
287,"  walk (Time=Past, Aspect=Inceptive, Mood=Indicative, Polarity=Affirmative)","{~|c-I,D,p,0,0,N,N,N,N,N,N,N,N,N,N,N,.,.,.,.,.,A,.,~|(~|n-S,p,N,.,.,.,.,.,.,.,.,.,S,~|-10----~|N-S,D,A,n,K,3,N,N,.,.,.,.,.,.,.,.,~|3)~|~|-1(~|v-S,.,.,.,.,.,~|0----~|V-Y,N,I,N,A,N,p,.,.,.,.,.,.,.,.,.,~|1)~|~|}~|~|",  ,started walking,"3,6",
288,"  walk (Time=Future, Aspect=Inceptive, Mood=Indicative, Polarity=Affirmative)","{~|c-I,D,p,0,0,N,N,N,N,N,N,N,N,N,N,N,.,.,.,.,.,A,.,~|(~|n-S,p,N,.,.,.,.,.,.,.,.,.,S,~|-10----~|N-S,D,A,n,K,3,N,N,.,.,.,.,.,.,.,.,~|3)~|~|-1(~|v-S,.,.,.,.,.,~|0----~|V-Z,N,I,N,A,N,p,.,.,.,.,.,.,.,.,.,~|1)~|~|}~|~|",  ,will start walking,"3,6",
289,"  walk (Time=Present, Aspect=Inceptive, Mood=Indicative, Polarity=Affirmative)","{~|c-I,D,p,0,0,N,N,N,N,N,N,N,N,N,N,N,.,.,.,.,.,A,.,~|(~|n-S,p,N,.,.,.,.,.,.,.,.,.,S,~|-10----~|N-S,D,A,n,K,3,N,N,.,.,.,.,.,.,.,.,~|3)~|~|-1(~|v-S,.,.,.,.,.,~|0----~|V-P,N,I,N,A,N,p,.,.,.,.,.,.,.,.,.,~|1)~|~|}~|~|",  ,starts walking,"3,6",
290,"  walk (Time=Past, Aspect=Cessative, Mood=Indicative, Polarity=Affirmative)","{~|c-I,D,p,0,0,N,N,N,N,N,N,N,N,N,N,N,.,.,.,.,.,A,.,~|(~|n-S,p,N,.,.,.,.,.,.,.,.,.,S,~|-10----~|N-S,D,A,n,K,3,N,N,.,.,.,.,.,.,.,.,~|3)~|~|-1(~|v-S,.,.,.,.,.,~|0----~|V-Y,c,I,N,A,N,p,.,.,.,.,.,.,.,.,.,~|1)~|~|}~|~|",  ,stopped walking,"3,6",
291,"  walk (Time=Future, Aspect=Cessative, Mood=Indicative, Polarity=Affirmative)","{~|c-I,D,p,0,0,N,N,N,N,N,N,N,N,N,N,N,.,.,.,.,.,A,.,~|(~|n-S,p,N,.,.,.,.,.,.,.,.,.,S,~|-10----~|N-S,D,A,n,K,3,N,N,.,.,.,.,.,.,.,.,~|3)~|~|-1(~|v-S,.,.,.,.,.,~|0----~|V-Z,c,I,N,A,N,p,.,.,.,.,.,.,.,.,.,~|1)~|~|}~|~|",  ,will stop walking,"3,6",
292,"  walk (Time=Present, Aspect=Cessative, Mood=Indicative, Polarity=Affirmative)","{~|c-I,D,p,0,0,N,N,N,N,N,N,N,N,N,N,N,.,.,.,.,.,A,.,~|(~|n-S,p,N,.,.,.,.,.,.,.,.,.,S,~|-10----~|N-S,D,A,n,K,3,N,N,.,.,.,.,.,.,.,.,~|3)~|~|-1(~|v-S,.,.,.,.,.,~|0----~|V-P,c,I,N,A,N,p,.,.,.,.,.,.,.,.,.,~|1)~|~|}~|~|",  ,stops walking,"3,6",
293,"  walk (Time=Past, Aspect=Continuative, Mood=Indicative, Polarity=Affirmative)","{~|c-I,D,p,0,0,N,N,N,N,N,N,N,N,N,N,N,.,.,.,.,.,A,.,~|(~|n-S,p,N,.,.,.,.,.,.,.,.,.,S,~|-10----~|N-S,D,A,n,K,3,N,N,.,.,.,.,.,.,.,.,~|3)~|~|-1(~|v-S,.,.,.,.,.,~|0----~|V-Y,o,I,N,A,N,p,.,.,.,.,.,.,.,.,.,~|1)~|~|}~|~|",  ,continued walking,"3,6",
294,"  walk (Time=Future, Aspect=Continuative, Mood=Indicative, Polarity=Affirmative)","{~|c-I,D,p,0,0,N,N,N,N,N,N,N,N,N,N,N,.,.,.,.,.,A,.,~|(~|n-S,p,N,.,.,.,.,.,.,.,.,.,S,~|-10----~|N-S,D,A,n,K,3,N,N,.,.,.,.,.,.,.,.,~|3)~|~|-1(~|v-S,.,.,.,.,.,~|0----~|V-Z,o,I,N,A,N,p,.,.,.,.,.,.,.,.,.,~|1)~|~|}~|~|",  ,will continue walking,"3,6",
295,"  walk (Time=Present, Aspect=Continuative, Mood=Indicative, Polarity=Affirmative)","{~|c-I,D,p,0,0,N,N,N,N,N,N,N,N,N,N,N,.,.,.,.,.,A,.,~|(~|n-S,p,N,.,.,.,.,.,.,.,.,.,S,~|-10----~|N-S,D,A,n,K,3,N,N,.,.,.,.,.,.,.,.,~|3)~|~|-1(~|v-S,.,.,.,.,.,~|0----~|V-P,o,I,N,A,N,p,.,.,.,.,.,.,.,.,.,~|1)~|~|}~|~|",  ,continues walking,"3,6",
296,"  walk (Time=Past, Aspect=Unmarked, Mood=Definite Potential, Polarity=Affirmative)","{~|c-I,D,p,0,0,N,N,N,N,N,N,N,N,N,N,N,.,.,.,.,.,A,.,~|(~|n-S,p,N,.,.,.,.,.,.,.,.,.,S,~|-10----~|N-S,D,A,n,K,3,N,N,.,.,.,.,.,.,.,.,~|3)~|~|-1(~|v-S,.,.,.,.,.,~|0----~|V-Y,U,a,N,A,N,p,.,.,.,.,.,.,.,.,.,~|1)~|~|}~|~|",  ,definitely walked,"3,6",
297,"  walk (Time=Future, Aspect=Unmarked, Mood=Definite Potential, Polarity=Affirmative)","{~|c-I,D,p,0,0,N,N,N,N,N,N,N,N,N,N,N,.,.,.,.,.,A,.,~|(~|n-S,p,N,.,.,.,.,.,.,.,.,.,S,~|-10----~|N-S,D,A,n,K,3,N,N,.,.,.,.,.,.,.,.,~|3)~|~|-1(~|v-S,.,.,.,.,.,~|0----~|V-Z,U,a,N,A,N,p,.,.,.,.,.,.,.,.,.,~|1)~|~|}~|~|",  ,will definitely walk,"3,6",
298,"  walk (Time=Present, Aspect=Unmarked, Mood=Definite Potential, Polarity=Affirmative)","{~|c-I,D,p,0,0,N,N,N,N,N,N,N,N,N,N,N,.,.,.,.,.,A,.,~|(~|n-S,p,N,.,.,.,.,.,.,.,.,.,S,~|-10----~|N-S,D,A,n,K,3,N,N,.,.,.,.,.,.,.,.,~|3)~|~|-1(~|v-S,.,.,.,.,.,~|0----~|V-P,U,a,N,A,N,p,.,.,.,.,.,.,.,.,.,~|1)~|~|}~|~|",  ,definitely walks,"3,6",
299,"  walk (Time=Past, Aspect=Completive, Mood=Definite Potential, Polarity=Affirmative)","{~|c-I,D,p,0,0,N,N,N,N,N,N,N,N,N,N,N,.,.,.,.,.,A,.,~|(~|n-S,p,N,.,.,.,.,.,.,.,.,.,S,~|-10----~|N-S,D,A,n,K,3,N,N,.,.,.,.,.,.,.,.,~|3)~|~|-1(~|v-S,.,.,.,.,.,~|0----~|V-Y,C,a,N,A,N,p,.,.,.,.,.,.,.,.,.,~|1)~|~|}~|~|",  ,definitely finished walking,"3,6",
300,"  walk (Time=Future, Aspect=Completive, Mood=Definite Potential, Polarity=Affirmative)","{~|c-I,D,p,0,0,N,N,N,N,N,N,N,N,N,N,N,.,.,.,.,.,A,.,~|(~|n-S,p,N,.,.,.,.,.,.,.,.,.,S,~|-10----~|N-S,D,A,n,K,3,N,N,.,.,.,.,.,.,.,.,~|3)~|~|-1(~|v-S,.,.,.,.,.,~|0----~|V-Z,C,a,N,A,N,p,.,.,.,.,.,.,.,.,.,~|1)~|~|}~|~|",  ,will definitely finish walking,"3,6",
301,"  walk (Time=Present, Aspect=Completive, Mood=Definite Potential, Polarity=Affirmative)","{~|c-I,D,p,0,0,N,N,N,N,N,N,N,N,N,N,N,.,.,.,.,.,A,.,~|(~|n-S,p,N,.,.,.,.,.,.,.,.,.,S,~|-10----~|N-S,D,A,n,K,3,N,N,.,.,.,.,.,.,.,.,~|3)~|~|-1(~|v-S,.,.,.,.,.,~|0----~|V-P,C,a,N,A,N,p,.,.,.,.,.,.,.,.,.,~|1)~|~|}~|~|",  ,definitely finishes walking,"3,6",
302,"  walk (Time=Past, Aspect=Inceptive, Mood=Definite Potential, Polarity=Affirmative)","{~|c-I,D,p,0,0,N,N,N,N,N,N,N,N,N,N,N,.,.,.,.,.,A,.,~|(~|n-S,p,N,.,.,.,.,.,.,.,.,.,S,~|-10----~|N-S,D,A,n,K,3,N,N,.,.,.,.,.,.,.,.,~|3)~|~|-1(~|v-S,.,.,.,.,.,~|0----~|V-Y,N,a,N,A,N,p,.,.,.,.,.,.,.,.,.,~|1)~|~|}~|~|",  ,definitely started walking,"3,6",
303,"  walk (Time=Future, Aspect=Inceptive, Mood=Definite Potential, Polarity=Affirmative)","{~|c-I,D,p,0,0,N,N,N,N,N,N,N,N,N,N,N,.,.,.,.,.,A,.,~|(~|n-S,p,N,.,.,.,.,.,.,.,.,.,S,~|-10----~|N-S,D,A,n,K,3,N,N,.,.,.,.,.,.,.,.,~|3)~|~|-1(~|v-S,.,.,.,.,.,~|0----~|V-Z,N,a,N,A,N,p,.,.,.,.,.,.,.,.,.,~|1)~|~|}~|~|",  ,will definitely start walking,"3,6",
304,"  walk (Time=Present, Aspect=Inceptive, Mood=Definite Potential, Polarity=Affirmative)","{~|c-I,D,p,0,0,N,N,N,N,N,N,N,N,N,N,N,.,.,.,.,.,A,.,~|(~|n-S,p,N,.,.,.,.,.,.,.,.,.,S,~|-10----~|N-S,D,A,n,K,3,N,N,.,.,.,.,.,.,.,.,~|3)~|~|-1(~|v-S,.,.,.,.,.,~|0----~|V-P,N,a,N,A,N,p,.,.,.,.,.,.,.,.,.,~|1)~|~|}~|~|",  ,definitely starts walking,"3,6",
305,"  walk (Time=Past, Aspect=Cessative, Mood=Definite Potential, Polarity=Affirmative)","{~|c-I,D,p,0,0,N,N,N,N,N,N,N,N,N,N,N,.,.,.,.,.,A,.,~|(~|n-S,p,N,.,.,.,.,.,.,.,.,.,S,~|-10----~|N-S,D,A,n,K,3,N,N,.,.,.,.,.,.,.,.,~|3)~|~|-1(~|v-S,.,.,.,.,.,~|0----~|V-Y,c,a,N,A,N,p,.,.,.,.,.,.,.,.,.,~|1)~|~|}~|~|",  ,definitely stopped walking,"3,6",
306,"  walk (Time=Future, Aspect=Cessative, Mood=Definite Potential, Polarity=Affirmative)","{~|c-I,D,p,0,0,N,N,N,N,N,N,N,N,N,N,N,.,.,.,.,.,A,.,~|(~|n-S,p,N,.,.,.,.,.,.,.,.,.,S,~|-10----~|N-S,D,A,n,K,3,N,N,.,.,.,.,.,.,.,.,~|3)~|~|-1(~|v-S,.,.,.,.,.,~|0----~|V-Z,c,a,N,A,N,p,.,.,.,.,.,.,.,.,.,~|1)~|~|}~|~|",  ,will definitely stop walking,"3,6",
307,"  walk (Time=Present, Aspect=Cessative, Mood=Definite Potential, Polarity=Affirmative)","{~|c-I,D,p,0,0,N,N,N,N,N,N,N,N,N,N,N,.,.,.,.,.,A,.,~|(~|n-S,p,N,.,.,.,.,.,.,.,.,.,S,~|-10----~|N-S,D,A,n,K,3,N,N,.,.,.,.,.,.,.,.,~|3)~|~|-1(~|v-S,.,.,.,.,.,~|0----~|V-P,c,a,N,A,N,p,.,.,.,.,.,.,.,.,.,~|1)~|~|}~|~|",  ,definitely stops walking,"3,6",
308,"  walk (Time=Past, Aspect=Continuative, Mood=Definite Potential, Polarity=Affirmative)","{~|c-I,D,p,0,0,N,N,N,N,N,N,N,N,N,N,N,.,.,.,.,.,A,.,~|(~|n-S,p,N,.,.,.,.,.,.,.,.,.,S,~|-10----~|N-S,D,A,n,K,3,N,N,.,.,.,.,.,.,.,.,~|3)~|~|-1(~|v-S,.,.,.,.,.,~|0----~|V-Y,o,a,N,A,N,p,.,.,.,.,.,.,.,.,.,~|1)~|~|}~|~|",  ,definitely continued walking,"3,6",
309,"  walk (Time=Future, Aspect=Continuative, Mood=Definite Potential, Polarity=Affirmative)","{~|c-I,D,p,0,0,N,N,N,N,N,N,N,N,N,N,N,.,.,.,.,.,A,.,~|(~|n-S,p,N,.,.,.,.,.,.,.,.,.,S,~|-10----~|N-S,D,A,n,K,3,N,N,.,.,.,.,.,.,.,.,~|3)~|~|-1(~|v-S,.,.,.,.,.,~|0----~|V-Z,o,a,N,A,N,p,.,.,.,.,.,.,.,.,.,~|1)~|~|}~|~|",  ,will definitely continue walking,"3,6",
310,"  walk (Time=Present, Aspect=Continuative, Mood=Definite Potential, Polarity=Affirmative)","{~|c-I,D,p,0,0,N,N,N,N,N,N,N,N,N,N,N,.,.,.,.,.,A,.,~|(~|n-S,p,N,.,.,.,.,.,.,.,.,.,S,~|-10----~|N-S,D,A,n,K,3,N,N,.,.,.,.,.,.,.,.,~|3)~|~|-1(~|v-S,.,.,.,.,.,~|0----~|V-P,o,a,N,A,N,p,.,.,.,.,.,.,.,.,.,~|1)~|~|}~|~|",  ,definitely continues walking,"3,6",
311,"  walk (Time=Past, Aspect=Unmarked, Mood=Probable Potential, Polarity=Affirmative)","{~|c-I,D,p,0,0,N,N,N,N,N,N,N,N,N,N,N,.,.,.,.,.,A,.,~|(~|n-S,p,N,.,.,.,.,.,.,.,.,.,S,~|-10----~|N-S,D,A,n,K,3,N,N,.,.,.,.,.,.,.,.,~|3)~|~|-1(~|v-S,.,.,.,.,.,~|0----~|V-Y,U,b,N,A,N,p,.,.,.,.,.,.,.,.,.,~|1)~|~|}~|~|",  ,probably walked,"3,6",
312,"  walk (Time=Future, Aspect=Unmarked, Mood=Probable Potential, Polarity=Affirmative)","{~|c-I,D,p,0,0,N,N,N,N,N,N,N,N,N,N,N,.,.,.,.,.,A,.,~|(~|n-S,p,N,.,.,.,.,.,.,.,.,.,S,~|-10----~|N-S,D,A,n,K,3,N,N,.,.,.,.,.,.,.,.,~|3)~|~|-1(~|v-S,.,.,.,.,.,~|0----~|V-Z,U,b,N,A,N,p,.,.,.,.,.,.,.,.,.,~|1)~|~|}~|~|",  ,will probably walk,"3,6",
313,"  walk (Time=Present, Aspect=Unmarked, Mood=Probable Potential, Polarity=Affirmative)","{~|c-I,D,p,0,0,N,N,N,N,N,N,N,N,N,N,N,.,.,.,.,.,A,.,~|(~|n-S,p,N,.,.,.,.,.,.,.,.,.,S,~|-10----~|N-S,D,A,n,K,3,N,N,.,.,.,.,.,.,.,.,~|3)~|~|-1(~|v-S,.,.,.,.,.,~|0----~|V-P,U,b,N,A,N,p,.,.,.,.,.,.,.,.,.,~|1)~|~|}~|~|",  ,probably walks,"3,6",
314,"  walk (Time=Past, Aspect=Completive, Mood=Probable Potential, Polarity=Affirmative)","{~|c-I,D,p,0,0,N,N,N,N,N,N,N,N,N,N,N,.,.,.,.,.,A,.,~|(~|n-S,p,N,.,.,.,.,.,.,.,.,.,S,~|-10----~|N-S,D,A,n,K,3,N,N,.,.,.,.,.,.,.,.,~|3)~|~|-1(~|v-S,.,.,.,.,.,~|0----~|V-Y,C,b,N,A,N,p,.,.,.,.,.,.,.,.,.,~|1)~|~|}~|~|",  ,probably finished walking,"3,6",
315,"  walk (Time=Future, Aspect=Completive, Mood=Probable Potential, Polarity=Affirmative)","{~|c-I,D,p,0,0,N,N,N,N,N,N,N,N,N,N,N,.,.,.,.,.,A,.,~|(~|n-S,p,N,.,.,.,.,.,.,.,.,.,S,~|-10----~|N-S,D,A,n,K,3,N,N,.,.,.,.,.,.,.,.,~|3)~|~|-1(~|v-S,.,.,.,.,.,~|0----~|V-Z,C,b,N,A,N,p,.,.,.,.,.,.,.,.,.,~|1)~|~|}~|~|",  ,will probably finish walking,"3,6",
316,"  walk (Time=Present, Aspect=Completive, Mood=Probable Potential, Polarity=Affirmative)","{~|c-I,D,p,0,0,N,N,N,N,N,N,N,N,N,N,N,.,.,.,.,.,A,.,~|(~|n-S,p,N,.,.,.,.,.,.,.,.,.,S,~|-10----~|N-S,D,A,n,K,3,N,N,.,.,.,.,.,.,.,.,~|3)~|~|-1(~|v-S,.,.,.,.,.,~|0----~|V-P,C,b,N,A,N,p,.,.,.,.,.,.,.,.,.,~|1)~|~|}~|~|",  ,probably finishes walking,"3,6",
317,"  walk (Time=Past, Aspect=Inceptive, Mood=Probable Potential, Polarity=Affirmative)","{~|c-I,D,p,0,0,N,N,N,N,N,N,N,N,N,N,N,.,.,.,.,.,A,.,~|(~|n-S,p,N,.,.,.,.,.,.,.,.,.,S,~|-10----~|N-S,D,A,n,K,3,N,N,.,.,.,.,.,.,.,.,~|3)~|~|-1(~|v-S,.,.,.,.,.,~|0----~|V-Y,N,b,N,A,N,p,.,.,.,.,.,.,.,.,.,~|1)~|~|}~|~|",  ,probably started walking,"3,6",
318,"  walk (Time=Future, Aspect=Inceptive, Mood=Probable Potential, Polarity=Affirmative)","{~|c-I,D,p,0,0,N,N,N,N,N,N,N,N,N,N,N,.,.,.,.,.,A,.,~|(~|n-S,p,N,.,.,.,.,.,.,.,.,.,S,~|-10----~|N-S,D,A,n,K,3,N,N,.,.,.,.,.,.,.,.,~|3)~|~|-1(~|v-S,.,.,.,.,.,~|0----~|V-Z,N,b,N,A,N,p,.,.,.,.,.,.,.,.,.,~|1)~|~|}~|~|",  ,will probably start walking,"3,6",
319,"  walk (Time=Present, Aspect=Inceptive, Mood=Probable Potential, Polarity=Affirmative)","{~|c-I,D,p,0,0,N,N,N,N,N,N,N,N,N,N,N,.,.,.,.,.,A,.,~|(~|n-S,p,N,.,.,.,.,.,.,.,.,.,S,~|-10----~|N-S,D,A,n,K,3,N,N,.,.,.,.,.,.,.,.,~|3)~|~|-1(~|v-S,.,.,.,.,.,~|0----~|V-P,N,b,N,A,N,p,.,.,.,.,.,.,.,.,.,~|1)~|~|}~|~|",  ,probably starts walking,"3,6",
320,"  walk (Time=Past, Aspect=Cessative, Mood=Probable Potential, Polarity=Affirmative)","{~|c-I,D,p,0,0,N,N,N,N,N,N,N,N,N,N,N,.,.,.,.,.,A,.,~|(~|n-S,p,N,.,.,.,.,.,.,.,.,.,S,~|-10----~|N-S,D,A,n,K,3,N,N,.,.,.,.,.,.,.,.,~|3)~|~|-1(~|v-S,.,.,.,.,.,~|0----~|V-Y,c,b,N,A,N,p,.,.,.,.,.,.,.,.,.,~|1)~|~|}~|~|",  ,probably stopped walking,"3,6",
321,"  walk (Time=Future, Aspect=Cessative, Mood=Probable Potential, Polarity=Affirmative)","{~|c-I,D,p,0,0,N,N,N,N,N,N,N,N,N,N,N,.,.,.,.,.,A,.,~|(~|n-S,p,N,.,.,.,.,.,.,.,.,.,S,~|-10----~|N-S,D,A,n,K,3,N,N,.,.,.,.,.,.,.,.,~|3)~|~|-1(~|v-S,.,.,.,.,.,~|0----~|V-Z,c,b,N,A,N,p,.,.,.,.,.,.,.,.,.,~|1)~|~|}~|~|",  ,will probably stop walking,"3,6",
322,"  walk (Time=Present, Aspect=Cessative, Mood=Probable Potential, Polarity=Affirmative)","{~|c-I,D,p,0,0,N,N,N,N,N,N,N,N,N,N,N,.,.,.,.,.,A,.,~|(~|n-S,p,N,.,.,.,.,.,.,.,.,.,S,~|-10----~|N-S,D,A,n,K,3,N,N,.,.,.,.,.,.,.,.,~|3)~|~|-1(~|v-S,.,.,.,.,.,~|0----~|V-P,c,b,N,A,N,p,.,.,.,.,.,.,.,.,.,~|1)~|~|}~|~|",  ,probably stops walking,"3,6",
323,"  walk (Time=Past, Aspect=Continuative, Mood=Probable Potential, Polarity=Affirmative)","{~|c-I,D,p,0,0,N,N,N,N,N,N,N,N,N,N,N,.,.,.,.,.,A,.,~|(~|n-S,p,N,.,.,.,.,.,.,.,.,.,S,~|-10----~|N-S,D,A,n,K,3,N,N,.,.,.,.,.,.,.,.,~|3)~|~|-1(~|v-S,.,.,.,.,.,~|0----~|V-Y,o,b,N,A,N,p,.,.,.,.,.,.,.,.,.,~|1)~|~|}~|~|",  ,probably continued walking,"3,6",
324,"  walk (Time=Future, Aspect=Continuative, Mood=Probable Potential, Polarity=Affirmative)","{~|c-I,D,p,0,0,N,N,N,N,N,N,N,N,N,N,N,.,.,.,.,.,A,.,~|(~|n-S,p,N,.,.,.,.,.,.,.,.,.,S,~|-10----~|N-S,D,A,n,K,3,N,N,.,.,.,.,.,.,.,.,~|3)~|~|-1(~|v-S,.,.,.,.,.,~|0----~|V-Z,o,b,N,A,N,p,.,.,.,.,.,.,.,.,.,~|1)~|~|}~|~|",  ,will probably continue walking,"3,6",
325,"  walk (Time=Present, Aspect=Continuative, Mood=Probable Potential, Polarity=Affirmative)","{~|c-I,D,p,0,0,N,N,N,N,N,N,N,N,N,N,N,.,.,.,.,.,A,.,~|(~|n-S,p,N,.,.,.,.,.,.,.,.,.,S,~|-10----~|N-S,D,A,n,K,3,N,N,.,.,.,.,.,.,.,.,~|3)~|~|-1(~|v-S,.,.,.,.,.,~|0----~|V-P,o,b,N,A,N,p,.,.,.,.,.,.,.,.,.,~|1)~|~|}~|~|",  ,probably continues walking,"3,6",
327,"  walk (Time=Future, Aspect=Unmarked, Mood='might' Potential, Polarity=Affirmative)","{~|c-I,D,p,0,0,N,N,N,N,N,N,N,N,N,N,N,.,.,.,.,.,A,.,~|(~|n-S,p,N,.,.,.,.,.,.,.,.,.,S,~|-10----~|N-S,D,A,n,K,3,N,N,.,.,.,.,.,.,.,.,~|3)~|~|-1(~|v-S,.,.,.,.,.,~|0----~|V-Z,U,c,N,A,N,p,.,.,.,.,.,.,.,.,.,~|1)~|~|}~|~|",  ,might walk,"3,6",
328,"  walk (Time=Present, Aspect=Unmarked, Mood='might' Potential, Polarity=Affirmative)","{~|c-I,D,p,0,0,N,N,N,N,N,N,N,N,N,N,N,.,.,.,.,.,A,.,~|(~|n-S,p,N,.,.,.,.,.,.,.,.,.,S,~|-10----~|N-S,D,A,n,K,3,N,N,.,.,.,.,.,.,.,.,~|3)~|~|-1(~|v-S,.,.,.,.,.,~|0----~|V-P,U,c,N,A,N,p,.,.,.,.,.,.,.,.,.,~|1)~|~|}~|~|",  ,might walk,"3,6",
330,"  walk (Time=Future, Aspect=Completive, Mood='might' Potential, Polarity=Affirmative)","{~|c-I,D,p,0,0,N,N,N,N,N,N,N,N,N,N,N,.,.,.,.,.,A,.,~|(~|n-S,p,N,.,.,.,.,.,.,.,.,.,S,~|-10----~|N-S,D,A,n,K,3,N,N,.,.,.,.,.,.,.,.,~|3)~|~|-1(~|v-S,.,.,.,.,.,~|0----~|V-Z,C,c,N,A,N,p,.,.,.,.,.,.,.,.,.,~|1)~|~|}~|~|",  ,might finish walking,"3,6",
331,"  walk (Time=Present, Aspect=Completive, Mood='might' Potential, Polarity=Affirmative)","{~|c-I,D,p,0,0,N,N,N,N,N,N,N,N,N,N,N,.,.,.,.,.,A,.,~|(~|n-S,p,N,.,.,.,.,.,.,.,.,.,S,~|-10----~|N-S,D,A,n,K,3,N,N,.,.,.,.,.,.,.,.,~|3)~|~|-1(~|v-S,.,.,.,.,.,~|0----~|V-P,C,c,N,A,N,p,.,.,.,.,.,.,.,.,.,~|1)~|~|}~|~|",  ,might finish walking,"3,6",
333,"  walk (Time=Future, Aspect=Inceptive, Mood='might' Potential, Polarity=Affirmative)","{~|c-I,D,p,0,0,N,N,N,N,N,N,N,N,N,N,N,.,.,.,.,.,A,.,~|(~|n-S,p,N,.,.,.,.,.,.,.,.,.,S,~|-10----~|N-S,D,A,n,K,3,N,N,.,.,.,.,.,.,.,.,~|3)~|~|-1(~|v-S,.,.,.,.,.,~|0----~|V-Z,N,c,N,A,N,p,.,.,.,.,.,.,.,.,.,~|1)~|~|}~|~|",  ,might start walking,"3,6",
334,"  walk (Time=Present, Aspect=Inceptive, Mood='might' Potential, Polarity=Affirmative)","{~|c-I,D,p,0,0,N,N,N,N,N,N,N,N,N,N,N,.,.,.,.,.,A,.,~|(~|n-S,p,N,.,.,.,.,.,.,.,.,.,S,~|-10----~|N-S,D,A,n,K,3,N,N,.,.,.,.,.,.,.,.,~|3)~|~|-1(~|v-S,.,.,.,.,.,~|0----~|V-P,N,c,N,A,N,p,.,.,.,.,.,.,.,.,.,~|1)~|~|}~|~|",  ,might start walking,"3,6",
336,"  walk (Time=Future, Aspect=Cessative, Mood='might' Potential, Polarity=Affirmative)","{~|c-I,D,p,0,0,N,N,N,N,N,N,N,N,N,N,N,.,.,.,.,.,A,.,~|(~|n-S,p,N,.,.,.,.,.,.,.,.,.,S,~|-10----~|N-S,D,A,n,K,3,N,N,.,.,.,.,.,.,.,.,~|3)~|~|-1(~|v-S,.,.,.,.,.,~|0----~|V-Z,c,c,N,A,N,p,.,.,.,.,.,.,.,.,.,~|1)~|~|}~|~|",  ,might stop walking,"3,6",
337,"  walk (Time=Present, Aspect=Cessative, Mood='might' Potential, Polarity=Affirmative)","{~|c-I,D,p,0,0,N,N,N,N,N,N,N,N,N,N,N,.,.,.,.,.,A,.,~|(~|n-S,p,N,.,.,.,.,.,.,.,.,.,S,~|-10----~|N-S,D,A,n,K,3,N,N,.,.,.,.,.,.,.,.,~|3)~|~|-1(~|v-S,.,.,.,.,.,~|0----~|V-P,c,c,N,A,N,p,.,.,.,.,.,.,.,.,.,~|1)~|~|}~|~|",  ,might stop walking,"3,6",
339,"  walk (Time=Future, Aspect=Continuative, Mood='might' Potential, Polarity=Affirmative)","{~|c-I,D,p,0,0,N,N,N,N,N,N,N,N,N,N,N,.,.,.,.,.,A,.,~|(~|n-S,p,N,.,.,.,.,.,.,.,.,.,S,~|-10----~|N-S,D,A,n,K,3,N,N,.,.,.,.,.,.,.,.,~|3)~|~|-1(~|v-S,.,.,.,.,.,~|0----~|V-Z,o,c,N,A,N,p,.,.,.,.,.,.,.,.,.,~|1)~|~|}~|~|",  ,might continue walking,"3,6",
340,"  walk (Time=Present, Aspect=Continuative, Mood='might' Potential, Polarity=Affirmative)","{~|c-I,D,p,0,0,N,N,N,N,N,N,N,N,N,N,N,.,.,.,.,.,A,.,~|(~|n-S,p,N,.,.,.,.,.,.,.,.,.,S,~|-10----~|N-S,D,A,n,K,3,N,N,.,.,.,.,.,.,.,.,~|3)~|~|-1(~|v-S,.,.,.,.,.,~|0----~|V-P,o,c,N,A,N,p,.,.,.,.,.,.,.,.,.,~|1)~|~|}~|~|",  ,might continue walking,"3,6",
342,"  walk (Time=Future, Aspect=Unmarked, Mood='must' Obligation, Polarity=Affirmative)","{~|c-I,D,p,0,0,N,N,N,N,N,N,N,N,N,N,N,.,.,.,.,.,A,.,~|(~|n-S,p,N,.,.,.,.,.,.,.,.,.,S,~|-10----~|N-S,D,A,n,K,3,N,N,.,.,.,.,.,.,.,.,~|3)~|~|-1(~|v-S,.,.,.,.,.,~|0----~|V-Z,U,f,N,A,N,p,.,.,.,.,.,.,.,.,.,~|1)~|~|}~|~|",  ,must walk,"3,6",
343,"  walk (Time=Present, Aspect=Unmarked, Mood='must' Obligation, Polarity=Affirmative)","{~|c-I,D,p,0,0,N,N,N,N,N,N,N,N,N,N,N,.,.,.,.,.,A,.,~|(~|n-S,p,N,.,.,.,.,.,.,.,.,.,S,~|-10----~|N-S,D,A,n,K,3,N,N,.,.,.,.,.,.,.,.,~|3)~|~|-1(~|v-S,.,.,.,.,.,~|0----~|V-P,U,f,N,A,N,p,.,.,.,.,.,.,.,.,.,~|1)~|~|}~|~|",  ,must walk,"3,6",
345,"  walk (Time=Future, Aspect=Completive, Mood='must' Obligation, Polarity=Affirmative)","{~|c-I,D,p,0,0,N,N,N,N,N,N,N,N,N,N,N,.,.,.,.,.,A,.,~|(~|n-S,p,N,.,.,.,.,.,.,.,.,.,S,~|-10----~|N-S,D,A,n,K,3,N,N,.,.,.,.,.,.,.,.,~|3)~|~|-1(~|v-S,.,.,.,.,.,~|0----~|V-Z,C,f,N,A,N,p,.,.,.,.,.,.,.,.,.,~|1)~|~|}~|~|",  ,must finish walking,"3,6",
346,"  walk (Time=Present, Aspect=Completive, Mood='must' Obligation, Polarity=Affirmative)","{~|c-I,D,p,0,0,N,N,N,N,N,N,N,N,N,N,N,.,.,.,.,.,A,.,~|(~|n-S,p,N,.,.,.,.,.,.,.,.,.,S,~|-10----~|N-S,D,A,n,K,3,N,N,.,.,.,.,.,.,.,.,~|3)~|~|-1(~|v-S,.,.,.,.,.,~|0----~|V-P,C,f,N,A,N,p,.,.,.,.,.,.,.,.,.,~|1)~|~|}~|~|",  ,must finish walking,"3,6",
348,"  walk (Time=Future, Aspect=Inceptive, Mood='must' Obligation, Polarity=Affirmative)","{~|c-I,D,p,0,0,N,N,N,N,N,N,N,N,N,N,N,.,.,.,.,.,A,.,~|(~|n-S,p,N,.,.,.,.,.,.,.,.,.,S,~|-10----~|N-S,D,A,n,K,3,N,N,.,.,.,.,.,.,.,.,~|3)~|~|-1(~|v-S,.,.,.,.,.,~|0----~|V-Z,N,f,N,A,N,p,.,.,.,.,.,.,.,.,.,~|1)~|~|}~|~|",  ,must start walking,"3,6",
349,"  walk (Time=Present, Aspect=Inceptive, Mood='must' Obligation, Polarity=Affirmative)","{~|c-I,D,p,0,0,N,N,N,N,N,N,N,N,N,N,N,.,.,.,.,.,A,.,~|(~|n-S,p,N,.,.,.,.,.,.,.,.,.,S,~|-10----~|N-S,D,A,n,K,3,N,N,.,.,.,.,.,.,.,.,~|3)~|~|-1(~|v-S,.,.,.,.,.,~|0----~|V-P,N,f,N,A,N,p,.,.,.,.,.,.,.,.,.,~|1)~|~|}~|~|",  ,must start walking,"3,6",
351,"  walk (Time=Future, Aspect=Cessative, Mood='must' Obligation, Polarity=Affirmative)","{~|c-I,D,p,0,0,N,N,N,N,N,N,N,N,N,N,N,.,.,.,.,.,A,.,~|(~|n-S,p,N,.,.,.,.,.,.,.,.,.,S,~|-10----~|N-S,D,A,n,K,3,N,N,.,.,.,.,.,.,.,.,~|3)~|~|-1(~|v-S,.,.,.,.,.,~|0----~|V-Z,c,f,N,A,N,p,.,.,.,.,.,.,.,.,.,~|1)~|~|}~|~|",  ,must stop walking,"3,6",
352,"  walk (Time=Present, Aspect=Cessative, Mood='must' Obligation, Polarity=Affirmative)","{~|c-I,D,p,0,0,N,N,N,N,N,N,N,N,N,N,N,.,.,.,.,.,A,.,~|(~|n-S,p,N,.,.,.,.,.,.,.,.,.,S,~|-10----~|N-S,D,A,n,K,3,N,N,.,.,.,.,.,.,.,.,~|3)~|~|-1(~|v-S,.,.,.,.,.,~|0----~|V-P,c,f,N,A,N,p,.,.,.,.,.,.,.,.,.,~|1)~|~|}~|~|",  ,must stop walking,"3,6",
354,"  walk (Time=Future, Aspect=Continuative, Mood='must' Obligation, Polarity=Affirmative)","{~|c-I,D,p,0,0,N,N,N,N,N,N,N,N,N,N,N,.,.,.,.,.,A,.,~|(~|n-S,p,N,.,.,.,.,.,.,.,.,.,S,~|-10----~|N-S,D,A,n,K,3,N,N,.,.,.,.,.,.,.,.,~|3)~|~|-1(~|v-S,.,.,.,.,.,~|0----~|V-Z,o,f,N,A,N,p,.,.,.,.,.,.,.,.,.,~|1)~|~|}~|~|",  ,must continue walking,"3,6",
355,"  walk (Time=Present, Aspect=Continuative, Mood='must' Obligation, Polarity=Affirmative)","{~|c-I,D,p,0,0,N,N,N,N,N,N,N,N,N,N,N,.,.,.,.,.,A,.,~|(~|n-S,p,N,.,.,.,.,.,.,.,.,.,S,~|-10----~|N-S,D,A,n,K,3,N,N,.,.,.,.,.,.,.,.,~|3)~|~|-1(~|v-S,.,.,.,.,.,~|0----~|V-P,o,f,N,A,N,p,.,.,.,.,.,.,.,.,.,~|1)~|~|}~|~|",  ,must continue walking,"3,6",
357,"  walk (Time=Future, Aspect=Unmarked, Mood='should' Obligation, Polarity=Affirmative)","{~|c-I,D,p,0,0,N,N,N,N,N,N,N,N,N,N,N,.,.,.,.,.,A,.,~|(~|n-S,p,N,.,.,.,.,.,.,.,.,.,S,~|-10----~|N-S,D,A,n,K,3,N,N,.,.,.,.,.,.,.,.,~|3)~|~|-1(~|v-S,.,.,.,.,.,~|0----~|V-Z,U,g,N,A,N,p,.,.,.,.,.,.,.,.,.,~|1)~|~|}~|~|",  ,should walk,"3,6",
360,"  walk (Time=Future, Aspect=Completive, Mood='should' Obligation, Polarity=Affirmative)","{~|c-I,D,p,0,0,N,N,N,N,N,N,N,N,N,N,N,.,.,.,.,.,A,.,~|(~|n-S,p,N,.,.,.,.,.,.,.,.,.,S,~|-10----~|N-S,D,A,n,K,3,N,N,.,.,.,.,.,.,.,.,~|3)~|~|-1(~|v-S,.,.,.,.,.,~|0----~|V-Z,C,g,N,A,N,p,.,.,.,.,.,.,.,.,.,~|1)~|~|}~|~|",  ,should finish walking,"3,6",
363,"  walk (Time=Future, Aspect=Inceptive, Mood='should' Obligation, Polarity=Affirmative)","{~|c-I,D,p,0,0,N,N,N,N,N,N,N,N,N,N,N,.,.,.,.,.,A,.,~|(~|n-S,p,N,.,.,.,.,.,.,.,.,.,S,~|-10----~|N-S,D,A,n,K,3,N,N,.,.,.,.,.,.,.,.,~|3)~|~|-1(~|v-S,.,.,.,.,.,~|0----~|V-Z,N,g,N,A,N,p,.,.,.,.,.,.,.,.,.,~|1)~|~|}~|~|",  ,should start walking,"3,6",
366,"  walk (Time=Future, Aspect=Cessative, Mood='should' Obligation, Polarity=Affirmative)","{~|c-I,D,p,0,0,N,N,N,N,N,N,N,N,N,N,N,.,.,.,.,.,A,.,~|(~|n-S,p,N,.,.,.,.,.,.,.,.,.,S,~|-10----~|N-S,D,A,n,K,3,N,N,.,.,.,.,.,.,.,.,~|3)~|~|-1(~|v-S,.,.,.,.,.,~|0----~|V-Z,c,g,N,A,N,p,.,.,.,.,.,.,.,.,.,~|1)~|~|}~|~|",  ,should stop walking,"3,6",
369,"  walk (Time=Future, Aspect=Continuative, Mood='should' Obligation, Polarity=Affirmative)","{~|c-I,D,p,0,0,N,N,N,N,N,N,N,N,N,N,N,.,.,.,.,.,A,.,~|(~|n-S,p,N,.,.,.,.,.,.,.,.,.,S,~|-10----~|N-S,D,A,n,K,3,N,N,.,.,.,.,.,.,.,.,~|3)~|~|-1(~|v-S,.,.,.,.,.,~|0----~|V-Z,o,g,N,A,N,p,.,.,.,.,.,.,.,.,.,~|1)~|~|}~|~|",  ,should continue walking,"3,6",
371,"  walk (Time=Past, Aspect=Unmarked, Mood=Indicative, Polarity=Negative)","{~|c-I,D,p,0,0,N,N,N,N,N,N,N,N,N,N,N,.,.,.,.,.,A,.,~|(~|n-S,p,N,.,.,.,.,.,.,.,.,.,S,~|-10----~|N-S,D,A,n,K,3,N,N,.,.,.,.,.,.,.,.,~|3)~|~|-1(~|v-S,.,.,.,.,.,~|0----~|V-Y,U,I,N,N,N,p,.,.,.,.,.,.,.,.,.,~|1)~|~|}~|~|",  ,did not walk,"3,6",
372,"  walk (Time=Future, Aspect=Unmarked, Mood=Indicative, Polarity=Negative)","{~|c-I,D,p,0,0,N,N,N,N,N,N,N,N,N,N,N,.,.,.,.,.,A,.,~|(~|n-S,p,N,.,.,.,.,.,.,.,.,.,S,~|-10----~|N-S,D,A,n,K,3,N,N,.,.,.,.,.,.,.,.,~|3)~|~|-1(~|v-S,.,.,.,.,.,~|0----~|V-Z,U,I,N,N,N,p,.,.,.,.,.,.,.,.,.,~|1)~|~|}~|~|",  ,will not walk,"3,6",
373,"  walk (Time=Present, Aspect=Unmarked, Mood=Indicative, Polarity=Negative)","{~|c-I,D,p,0,0,N,N,N,N,N,N,N,N,N,N,N,.,.,.,.,.,A,.,~|(~|n-S,p,N,.,.,.,.,.,.,.,.,.,S,~|-10----~|N-S,D,A,n,K,3,N,N,.,.,.,.,.,.,.,.,~|3)~|~|-1(~|v-S,.,.,.,.,.,~|0----~|V-P,U,I,N,N,N,p,.,.,.,.,.,.,.,.,.,~|1)~|~|}~|~|",  ,does not walk,"3,6",
374,"  walk (Time=Past, Aspect=Completive, Mood=Indicative, Polarity=Negative)","{~|c-I,D,p,0,0,N,N,N,N,N,N,N,N,N,N,N,.,.,.,.,.,A,.,~|(~|n-S,p,N,.,.,.,.,.,.,.,.,.,S,~|-10----~|N-S,D,A,n,K,3,N,N,.,.,.,.,.,.,.,.,~|3)~|~|-1(~|v-S,.,.,.,.,.,~|0----~|V-Y,C,I,N,N,N,p,.,.,.,.,.,.,.,.,.,~|1)~|~|}~|~|",  ,did not finish walking,"3,6",
375,"  walk (Time=Future, Aspect=Completive, Mood=Indicative, Polarity=Negative)","{~|c-I,D,p,0,0,N,N,N,N,N,N,N,N,N,N,N,.,.,.,.,.,A,.,~|(~|n-S,p,N,.,.,.,.,.,.,.,.,.,S,~|-10----~|N-S,D,A,n,K,3,N,N,.,.,.,.,.,.,.,.,~|3)~|~|-1(~|v-S,.,.,.,.,.,~|0----~|V-Z,C,I,N,N,N,p,.,.,.,.,.,.,.,.,.,~|1)~|~|}~|~|",  ,will not finish walking,"3,6",
376,"  walk (Time=Present, Aspect=Completive, Mood=Indicative, Polarity=Negative)","{~|c-I,D,p,0,0,N,N,N,N,N,N,N,N,N,N,N,.,.,.,.,.,A,.,~|(~|n-S,p,N,.,.,.,.,.,.,.,.,.,S,~|-10----~|N-S,D,A,n,K,3,N,N,.,.,.,.,.,.,.,.,~|3)~|~|-1(~|v-S,.,.,.,.,.,~|0----~|V-P,C,I,N,N,N,p,.,.,.,.,.,.,.,.,.,~|1)~|~|}~|~|",  ,does not finish walking,"3,6",
377,"  walk (Time=Past, Aspect=Inceptive, Mood=Indicative, Polarity=Negative)","{~|c-I,D,p,0,0,N,N,N,N,N,N,N,N,N,N,N,.,.,.,.,.,A,.,~|(~|n-S,p,N,.,.,.,.,.,.,.,.,.,S,~|-10----~|N-S,D,A,n,K,3,N,N,.,.,.,.,.,.,.,.,~|3)~|~|-1(~|v-S,.,.,.,.,.,~|0----~|V-Y,N,I,N,N,N,p,.,.,.,.,.,.,.,.,.,~|1)~|~|}~|~|",  ,did not start walking,"3,6",
378,"  walk (Time=Future, Aspect=Inceptive, Mood=Indicative, Polarity=Negative)","{~|c-I,D,p,0,0,N,N,N,N,N,N,N,N,N,N,N,.,.,.,.,.,A,.,~|(~|n-S,p,N,.,.,.,.,.,.,.,.,.,S,~|-10----~|N-S,D,A,n,K,3,N,N,.,.,.,.,.,.,.,.,~|3)~|~|-1(~|v-S,.,.,.,.,.,~|0----~|V-Z,N,I,N,N,N,p,.,.,.,.,.,.,.,.,.,~|1)~|~|}~|~|",  ,will not start walking,"3,6",
379,"  walk (Time=Present, Aspect=Inceptive, Mood=Indicative, Polarity=Negative)","{~|c-I,D,p,0,0,N,N,N,N,N,N,N,N,N,N,N,.,.,.,.,.,A,.,~|(~|n-S,p,N,.,.,.,.,.,.,.,.,.,S,~|-10----~|N-S,D,A,n,K,3,N,N,.,.,.,.,.,.,.,.,~|3)~|~|-1(~|v-S,.,.,.,.,.,~|0----~|V-P,N,I,N,N,N,p,.,.,.,.,.,.,.,.,.,~|1)~|~|}~|~|",  ,does not start walking,"3,6",
380,"  walk (Time=Past, Aspect=Cessative, Mood=Indicative, Polarity=Negative)","{~|c-I,D,p,0,0,N,N,N,N,N,N,N,N,N,N,N,.,.,.,.,.,A,.,~|(~|n-S,p,N,.,.,.,.,.,.,.,.,.,S,~|-10----~|N-S,D,A,n,K,3,N,N,.,.,.,.,.,.,.,.,~|3)~|~|-1(~|v-S,.,.,.,.,.,~|0----~|V-Y,c,I,N,N,N,p,.,.,.,.,.,.,.,.,.,~|1)~|~|}~|~|",  ,did not stop walking,"3,6",
381,"  walk (Time=Future, Aspect=Cessative, Mood=Indicative, Polarity=Negative)","{~|c-I,D,p,0,0,N,N,N,N,N,N,N,N,N,N,N,.,.,.,.,.,A,.,~|(~|n-S,p,N,.,.,.,.,.,.,.,.,.,S,~|-10----~|N-S,D,A,n,K,3,N,N,.,.,.,.,.,.,.,.,~|3)~|~|-1(~|v-S,.,.,.,.,.,~|0----~|V-Z,c,I,N,N,N,p,.,.,.,.,.,.,.,.,.,~|1)~|~|}~|~|",  ,will not stop walking,"3,6",
382,"  walk (Time=Present, Aspect=Cessative, Mood=Indicative, Polarity=Negative)","{~|c-I,D,p,0,0,N,N,N,N,N,N,N,N,N,N,N,.,.,.,.,.,A,.,~|(~|n-S,p,N,.,.,.,.,.,.,.,.,.,S,~|-10----~|N-S,D,A,n,K,3,N,N,.,.,.,.,.,.,.,.,~|3)~|~|-1(~|v-S,.,.,.,.,.,~|0----~|V-P,c,I,N,N,N,p,.,.,.,.,.,.,.,.,.,~|1)~|~|}~|~|",  ,does not stop walking,"3,6",
383,"  walk (Time=Past, Aspect=Continuative, Mood=Indicative, Polarity=Negative)","{~|c-I,D,p,0,0,N,N,N,N,N,N,N,N,N,N,N,.,.,.,.,.,A,.,~|(~|n-S,p,N,.,.,.,.,.,.,.,.,.,S,~|-10----~|N-S,D,A,n,K,3,N,N,.,.,.,.,.,.,.,.,~|3)~|~|-1(~|v-S,.,.,.,.,.,~|0----~|V-Y,o,I,N,N,N,p,.,.,.,.,.,.,.,.,.,~|1)~|~|}~|~|",  ,did not continue walking,"3,6",
384,"  walk (Time=Future, Aspect=Continuative, Mood=Indicative, Polarity=Negative)","{~|c-I,D,p,0,0,N,N,N,N,N,N,N,N,N,N,N,.,.,.,.,.,A,.,~|(~|n-S,p,N,.,.,.,.,.,.,.,.,.,S,~|-10----~|N-S,D,A,n,K,3,N,N,.,.,.,.,.,.,.,.,~|3)~|~|-1(~|v-S,.,.,.,.,.,~|0----~|V-Z,o,I,N,N,N,p,.,.,.,.,.,.,.,.,.,~|1)~|~|}~|~|",  ,will not continue walking,"3,6",
385,"  walk (Time=Present, Aspect=Continuative, Mood=Indicative, Polarity=Negative)","{~|c-I,D,p,0,0,N,N,N,N,N,N,N,N,N,N,N,.,.,.,.,.,A,.,~|(~|n-S,p,N,.,.,.,.,.,.,.,.,.,S,~|-10----~|N-S,D,A,n,K,3,N,N,.,.,.,.,.,.,.,.,~|3)~|~|-1(~|v-S,.,.,.,.,.,~|0----~|V-P,o,I,N,N,N,p,.,.,.,.,.,.,.,.,.,~|1)~|~|}~|~|",  ,does not continue walking,"3,6",
386,"  walk (Time=Past, Aspect=Unmarked, Mood=Definite Potential, Polarity=Negative)","{~|c-I,D,p,0,0,N,N,N,N,N,N,N,N,N,N,N,.,.,.,.,.,A,.,~|(~|n-S,p,N,.,.,.,.,.,.,.,.,.,S,~|-10----~|N-S,D,A,n,K,3,N,N,.,.,.,.,.,.,.,.,~|3)~|~|-1(~|v-S,.,.,.,.,.,~|0----~|V-Y,U,a,N,N,N,p,.,.,.,.,.,.,.,.,.,~|1)~|~|}~|~|",  ,definitely did not walk,"3,6",
387,"  walk (Time=Future, Aspect=Unmarked, Mood=Definite Potential, Polarity=Negative)","{~|c-I,D,p,0,0,N,N,N,N,N,N,N,N,N,N,N,.,.,.,.,.,A,.,~|(~|n-S,p,N,.,.,.,.,.,.,.,.,.,S,~|-10----~|N-S,D,A,n,K,3,N,N,.,.,.,.,.,.,.,.,~|3)~|~|-1(~|v-S,.,.,.,.,.,~|0----~|V-Z,U,a,N,N,N,p,.,.,.,.,.,.,.,.,.,~|1)~|~|}~|~|",  ,will definitely not walk,"3,6",
388,"  walk (Time=Present, Aspect=Unmarked, Mood=Definite Potential, Polarity=Negative)","{~|c-I,D,p,0,0,N,N,N,N,N,N,N,N,N,N,N,.,.,.,.,.,A,.,~|(~|n-S,p,N,.,.,.,.,.,.,.,.,.,S,~|-10----~|N-S,D,A,n,K,3,N,N,.,.,.,.,.,.,.,.,~|3)~|~|-1(~|v-S,.,.,.,.,.,~|0----~|V-P,U,a,N,N,N,p,.,.,.,.,.,.,.,.,.,~|1)~|~|}~|~|",  ,definitely does not walk,"3,6",
389,"  walk (Time=Past, Aspect=Completive, Mood=Definite Potential, Polarity=Negative)","{~|c-I,D,p,0,0,N,N,N,N,N,N,N,N,N,N,N,.,.,.,.,.,A,.,~|(~|n-S,p,N,.,.,.,.,.,.,.,.,.,S,~|-10----~|N-S,D,A,n,K,3,N,N,.,.,.,.,.,.,.,.,~|3)~|~|-1(~|v-S,.,.,.,.,.,~|0----~|V-Y,C,a,N,N,N,p,.,.,.,.,.,.,.,.,.,~|1)~|~|}~|~|",  ,definitely did not finish walking,"3,6",
390,"  walk (Time=Future, Aspect=Completive, Mood=Definite Potential, Polarity=Negative)","{~|c-I,D,p,0,0,N,N,N,N,N,N,N,N,N,N,N,.,.,.,.,.,A,.,~|(~|n-S,p,N,.,.,.,.,.,.,.,.,.,S,~|-10----~|N-S,D,A,n,K,3,N,N,.,.,.,.,.,.,.,.,~|3)~|~|-1(~|v-S,.,.,.,.,.,~|0----~|V-Z,C,a,N,N,N,p,.,.,.,.,.,.,.,.,.,~|1)~|~|}~|~|",  ,will definitely not finish walking,"3,6",
391,"  walk (Time=Present, Aspect=Completive, Mood=Definite Potential, Polarity=Negative)","{~|c-I,D,p,0,0,N,N,N,N,N,N,N,N,N,N,N,.,.,.,.,.,A,.,~|(~|n-S,p,N,.,.,.,.,.,.,.,.,.,S,~|-10----~|N-S,D,A,n,K,3,N,N,.,.,.,.,.,.,.,.,~|3)~|~|-1(~|v-S,.,.,.,.,.,~|0----~|V-P,C,a,N,N,N,p,.,.,.,.,.,.,.,.,.,~|1)~|~|}~|~|",  ,definitely does not finish walking,"3,6",
392,"  walk (Time=Past, Aspect=Inceptive, Mood=Definite Potential, Polarity=Negative)","{~|c-I,D,p,0,0,N,N,N,N,N,N,N,N,N,N,N,.,.,.,.,.,A,.,~|(~|n-S,p,N,.,.,.,.,.,.,.,.,.,S,~|-10----~|N-S,D,A,n,K,3,N,N,.,.,.,.,.,.,.,.,~|3)~|~|-1(~|v-S,.,.,.,.,.,~|0----~|V-Y,N,a,N,N,N,p,.,.,.,.,.,.,.,.,.,~|1)~|~|}~|~|",  ,definitely did not start walking,"3,6",
393,"  walk (Time=Future, Aspect=Inceptive, Mood=Definite Potential, Polarity=Negative)","{~|c-I,D,p,0,0,N,N,N,N,N,N,N,N,N,N,N,.,.,.,.,.,A,.,~|(~|n-S,p,N,.,.,.,.,.,.,.,.,.,S,~|-10----~|N-S,D,A,n,K,3,N,N,.,.,.,.,.,.,.,.,~|3)~|~|-1(~|v-S,.,.,.,.,.,~|0----~|V-Z,N,a,N,N,N,p,.,.,.,.,.,.,.,.,.,~|1)~|~|}~|~|",  ,will definitely not start walking,"3,6",
394,"  walk (Time=Present, Aspect=Inceptive, Mood=Definite Potential, Polarity=Negative)","{~|c-I,D,p,0,0,N,N,N,N,N,N,N,N,N,N,N,.,.,.,.,.,A,.,~|(~|n-S,p,N,.,.,.,.,.,.,.,.,.,S,~|-10----~|N-S,D,A,n,K,3,N,N,.,.,.,.,.,.,.,.,~|3)~|~|-1(~|v-S,.,.,.,.,.,~|0----~|V-P,N,a,N,N,N,p,.,.,.,.,.,.,.,.,.,~|1)~|~|}~|~|",  ,definitely does not start walking,"3,6",
395,"  walk (Time=Past, Aspect=Cessative, Mood=Definite Potential, Polarity=Negative)","{~|c-I,D,p,0,0,N,N,N,N,N,N,N,N,N,N,N,.,.,.,.,.,A,.,~|(~|n-S,p,N,.,.,.,.,.,.,.,.,.,S,~|-10----~|N-S,D,A,n,K,3,N,N,.,.,.,.,.,.,.,.,~|3)~|~|-1(~|v-S,.,.,.,.,.,~|0----~|V-Y,c,a,N,N,N,p,.,.,.,.,.,.,.,.,.,~|1)~|~|}~|~|",  ,definitely did not stop walking,"3,6",
396,"  walk (Time=Future, Aspect=Cessative, Mood=Definite Potential, Polarity=Negative)","{~|c-I,D,p,0,0,N,N,N,N,N,N,N,N,N,N,N,.,.,.,.,.,A,.,~|(~|n-S,p,N,.,.,.,.,.,.,.,.,.,S,~|-10----~|N-S,D,A,n,K,3,N,N,.,.,.,.,.,.,.,.,~|3)~|~|-1(~|v-S,.,.,.,.,.,~|0----~|V-Z,c,a,N,N,N,p,.,.,.,.,.,.,.,.,.,~|1)~|~|}~|~|",  ,will definitely not stop walking,"3,6",
397,"  walk (Time=Present, Aspect=Cessative, Mood=Definite Potential, Polarity=Negative)","{~|c-I,D,p,0,0,N,N,N,N,N,N,N,N,N,N,N,.,.,.,.,.,A,.,~|(~|n-S,p,N,.,.,.,.,.,.,.,.,.,S,~|-10----~|N-S,D,A,n,K,3,N,N,.,.,.,.,.,.,.,.,~|3)~|~|-1(~|v-S,.,.,.,.,.,~|0----~|V-P,c,a,N,N,N,p,.,.,.,.,.,.,.,.,.,~|1)~|~|}~|~|",  ,definitely does not stop walking,"3,6",
398,"  walk (Time=Past, Aspect=Continuative, Mood=Definite Potential, Polarity=Negative)","{~|c-I,D,p,0,0,N,N,N,N,N,N,N,N,N,N,N,.,.,.,.,.,A,.,~|(~|n-S,p,N,.,.,.,.,.,.,.,.,.,S,~|-10----~|N-S,D,A,n,K,3,N,N,.,.,.,.,.,.,.,.,~|3)~|~|-1(~|v-S,.,.,.,.,.,~|0----~|V-Y,o,a,N,N,N,p,.,.,.,.,.,.,.,.,.,~|1)~|~|}~|~|",  ,definitely did not continue walking,"3,6",
399,"  walk (Time=Future, Aspect=Continuative, Mood=Definite Potential, Polarity=Negative)","{~|c-I,D,p,0,0,N,N,N,N,N,N,N,N,N,N,N,.,.,.,.,.,A,.,~|(~|n-S,p,N,.,.,.,.,.,.,.,.,.,S,~|-10----~|N-S,D,A,n,K,3,N,N,.,.,.,.,.,.,.,.,~|3)~|~|-1(~|v-S,.,.,.,.,.,~|0----~|V-Z,o,a,N,N,N,p,.,.,.,.,.,.,.,.,.,~|1)~|~|}~|~|",  ,will definitely not continue walking,"3,6",
400,"  walk (Time=Present, Aspect=Continuative, Mood=Definite Potential, Polarity=Negative)","{~|c-I,D,p,0,0,N,N,N,N,N,N,N,N,N,N,N,.,.,.,.,.,A,.,~|(~|n-S,p,N,.,.,.,.,.,.,.,.,.,S,~|-10----~|N-S,D,A,n,K,3,N,N,.,.,.,.,.,.,.,.,~|3)~|~|-1(~|v-S,.,.,.,.,.,~|0----~|V-P,o,a,N,N,N,p,.,.,.,.,.,.,.,.,.,~|1)~|~|}~|~|",  ,definitely does not continue walking,"3,6",
401,"  walk (Time=Past, Aspect=Unmarked, Mood=Probable Potential, Polarity=Negative)","{~|c-I,D,p,0,0,N,N,N,N,N,N,N,N,N,N,N,.,.,.,.,.,A,.,~|(~|n-S,p,N,.,.,.,.,.,.,.,.,.,S,~|-10----~|N-S,D,A,n,K,3,N,N,.,.,.,.,.,.,.,.,~|3)~|~|-1(~|v-S,.,.,.,.,.,~|0----~|V-Y,U,b,N,N,N,p,.,.,.,.,.,.,.,.,.,~|1)~|~|}~|~|",  ,probably did not walk,"3,6",
402,"  walk (Time=Future, Aspect=Unmarked, Mood=Probable Potential, Polarity=Negative)","{~|c-I,D,p,0,0,N,N,N,N,N,N,N,N,N,N,N,.,.,.,.,.,A,.,~|(~|n-S,p,N,.,.,.,.,.,.,.,.,.,S,~|-10----~|N-S,D,A,n,K,3,N,N,.,.,.,.,.,.,.,.,~|3)~|~|-1(~|v-S,.,.,.,.,.,~|0----~|V-Z,U,b,N,N,N,p,.,.,.,.,.,.,.,.,.,~|1)~|~|}~|~|",  ,will probably not walk,"3,6",
403,"  walk (Time=Present, Aspect=Unmarked, Mood=Probable Potential, Polarity=Negative)","{~|c-I,D,p,0,0,N,N,N,N,N,N,N,N,N,N,N,.,.,.,.,.,A,.,~|(~|n-S,p,N,.,.,.,.,.,.,.,.,.,S,~|-10----~|N-S,D,A,n,K,3,N,N,.,.,.,.,.,.,.,.,~|3)~|~|-1(~|v-S,.,.,.,.,.,~|0----~|V-P,U,b,N,N,N,p,.,.,.,.,.,.,.,.,.,~|1)~|~|}~|~|",  ,probably does not walk,"3,6",
404,"  walk (Time=Past, Aspect=Completive, Mood=Probable Potential, Polarity=Negative)","{~|c-I,D,p,0,0,N,N,N,N,N,N,N,N,N,N,N,.,.,.,.,.,A,.,~|(~|n-S,p,N,.,.,.,.,.,.,.,.,.,S,~|-10----~|N-S,D,A,n,K,3,N,N,.,.,.,.,.,.,.,.,~|3)~|~|-1(~|v-S,.,.,.,.,.,~|0----~|V-Y,C,b,N,N,N,p,.,.,.,.,.,.,.,.,.,~|1)~|~|}~|~|",  ,probably did not finish walking,"3,6",
405,"  walk (Time=Future, Aspect=Completive, Mood=Probable Potential, Polarity=Negative)","{~|c-I,D,p,0,0,N,N,N,N,N,N,N,N,N,N,N,.,.,.,.,.,A,.,~|(~|n-S,p,N,.,.,.,.,.,.,.,.,.,S,~|-10----~|N-S,D,A,n,K,3,N,N,.,.,.,.,.,.,.,.,~|3)~|~|-1(~|v-S,.,.,.,.,.,~|0----~|V-Z,C,b,N,N,N,p,.,.,.,.,.,.,.,.,.,~|1)~|~|}~|~|",  ,will probably not finish walking,"3,6",
406,"  walk (Time=Present, Aspect=Completive, Mood=Probable Potential, Polarity=Negative)","{~|c-I,D,p,0,0,N,N,N,N,N,N,N,N,N,N,N,.,.,.,.,.,A,.,~|(~|n-S,p,N,.,.,.,.,.,.,.,.,.,S,~|-10----~|N-S,D,A,n,K,3,N,N,.,.,.,.,.,.,.,.,~|3)~|~|-1(~|v-S,.,.,.,.,.,~|0----~|V-P,C,b,N,N,N,p,.,.,.,.,.,.,.,.,.,~|1)~|~|}~|~|",  ,probably does not finish walking,"3,6",
407,"  walk (Time=Past, Aspect=Inceptive, Mood=Probable Potential, Polarity=Negative)","{~|c-I,D,p,0,0,N,N,N,N,N,N,N,N,N,N,N,.,.,.,.,.,A,.,~|(~|n-S,p,N,.,.,.,.,.,.,.,.,.,S,~|-10----~|N-S,D,A,n,K,3,N,N,.,.,.,.,.,.,.,.,~|3)~|~|-1(~|v-S,.,.,.,.,.,~|0----~|V-Y,N,b,N,N,N,p,.,.,.,.,.,.,.,.,.,~|1)~|~|}~|~|",  ,probably did not start walking,"3,6",
408,"  walk (Time=Future, Aspect=Inceptive, Mood=Probable Potential, Polarity=Negative)","{~|c-I,D,p,0,0,N,N,N,N,N,N,N,N,N,N,N,.,.,.,.,.,A,.,~|(~|n-S,p,N,.,.,.,.,.,.,.,.,.,S,~|-10----~|N-S,D,A,n,K,3,N,N,.,.,.,.,.,.,.,.,~|3)~|~|-1(~|v-S,.,.,.,.,.,~|0----~|V-Z,N,b,N,N,N,p,.,.,.,.,.,.,.,.,.,~|1)~|~|}~|~|",  ,will probably not start walking,"3,6",
409,"  walk (Time=Present, Aspect=Inceptive, Mood=Probable Potential, Polarity=Negative)","{~|c-I,D,p,0,0,N,N,N,N,N,N,N,N,N,N,N,.,.,.,.,.,A,.,~|(~|n-S,p,N,.,.,.,.,.,.,.,.,.,S,~|-10----~|N-S,D,A,n,K,3,N,N,.,.,.,.,.,.,.,.,~|3)~|~|-1(~|v-S,.,.,.,.,.,~|0----~|V-P,N,b,N,N,N,p,.,.,.,.,.,.,.,.,.,~|1)~|~|}~|~|",  ,probably does not start walking,"3,6",
410,"  walk (Time=Past, Aspect=Cessative, Mood=Probable Potential, Polarity=Negative)","{~|c-I,D,p,0,0,N,N,N,N,N,N,N,N,N,N,N,.,.,.,.,.,A,.,~|(~|n-S,p,N,.,.,.,.,.,.,.,.,.,S,~|-10----~|N-S,D,A,n,K,3,N,N,.,.,.,.,.,.,.,.,~|3)~|~|-1(~|v-S,.,.,.,.,.,~|0----~|V-Y,c,b,N,N,N,p,.,.,.,.,.,.,.,.,.,~|1)~|~|}~|~|",  ,probably did not stop walking,"3,6",
411,"  walk (Time=Future, Aspect=Cessative, Mood=Probable Potential, Polarity=Negative)","{~|c-I,D,p,0,0,N,N,N,N,N,N,N,N,N,N,N,.,.,.,.,.,A,.,~|(~|n-S,p,N,.,.,.,.,.,.,.,.,.,S,~|-10----~|N-S,D,A,n,K,3,N,N,.,.,.,.,.,.,.,.,~|3)~|~|-1(~|v-S,.,.,.,.,.,~|0----~|V-Z,c,b,N,N,N,p,.,.,.,.,.,.,.,.,.,~|1)~|~|}~|~|",  ,will probably not stop walking,"3,6",
412,"  walk (Time=Present, Aspect=Cessative, Mood=Probable Potential, Polarity=Negative)","{~|c-I,D,p,0,0,N,N,N,N,N,N,N,N,N,N,N,.,.,.,.,.,A,.,~|(~|n-S,p,N,.,.,.,.,.,.,.,.,.,S,~|-10----~|N-S,D,A,n,K,3,N,N,.,.,.,.,.,.,.,.,~|3)~|~|-1(~|v-S,.,.,.,.,.,~|0----~|V-P,c,b,N,N,N,p,.,.,.,.,.,.,.,.,.,~|1)~|~|}~|~|",  ,probably does not stop walking,"3,6",
413,"  walk (Time=Past, Aspect=Continuative, Mood=Probable Potential, Polarity=Negative)","{~|c-I,D,p,0,0,N,N,N,N,N,N,N,N,N,N,N,.,.,.,.,.,A,.,~|(~|n-S,p,N,.,.,.,.,.,.,.,.,.,S,~|-10----~|N-S,D,A,n,K,3,N,N,.,.,.,.,.,.,.,.,~|3)~|~|-1(~|v-S,.,.,.,.,.,~|0----~|V-Y,o,b,N,N,N,p,.,.,.,.,.,.,.,.,.,~|1)~|~|}~|~|",  ,probably did not continue walking,"3,6",
414,"  walk (Time=Future, Aspect=Continuative, Mood=Probable Potential, Polarity=Negative)","{~|c-I,D,p,0,0,N,N,N,N,N,N,N,N,N,N,N,.,.,.,.,.,A,.,~|(~|n-S,p,N,.,.,.,.,.,.,.,.,.,S,~|-10----~|N-S,D,A,n,K,3,N,N,.,.,.,.,.,.,.,.,~|3)~|~|-1(~|v-S,.,.,.,.,.,~|0----~|V-Z,o,b,N,N,N,p,.,.,.,.,.,.,.,.,.,~|1)~|~|}~|~|",  ,will probably not continue walking,"3,6",
415,"  walk (Time=Present, Aspect=Continuative, Mood=Probable Potential, Polarity=Negative)","{~|c-I,D,p,0,0,N,N,N,N,N,N,N,N,N,N,N,.,.,.,.,.,A,.,~|(~|n-S,p,N,.,.,.,.,.,.,.,.,.,S,~|-10----~|N-S,D,A,n,K,3,N,N,.,.,.,.,.,.,.,.,~|3)~|~|-1(~|v-S,.,.,.,.,.,~|0----~|V-P,o,b,N,N,N,p,.,.,.,.,.,.,.,.,.,~|1)~|~|}~|~|",  ,probably does not continue walking,"3,6",
417,"  walk (Time=Future, Aspect=Unmarked, Mood='might' Potential, Polarity=Negative)","{~|c-I,D,p,0,0,N,N,N,N,N,N,N,N,N,N,N,.,.,.,.,.,A,.,~|(~|n-S,p,N,.,.,.,.,.,.,.,.,.,S,~|-10----~|N-S,D,A,n,K,3,N,N,.,.,.,.,.,.,.,.,~|3)~|~|-1(~|v-S,.,.,.,.,.,~|0----~|V-Z,U,c,N,N,N,p,.,.,.,.,.,.,.,.,.,~|1)~|~|}~|~|",  ,might not walk,"3,6",
420,"  walk (Time=Future, Aspect=Completive, Mood='might' Potential, Polarity=Negative)","{~|c-I,D,p,0,0,N,N,N,N,N,N,N,N,N,N,N,.,.,.,.,.,A,.,~|(~|n-S,p,N,.,.,.,.,.,.,.,.,.,S,~|-10----~|N-S,D,A,n,K,3,N,N,.,.,.,.,.,.,.,.,~|3)~|~|-1(~|v-S,.,.,.,.,.,~|0----~|V-Z,C,c,N,N,N,p,.,.,.,.,.,.,.,.,.,~|1)~|~|}~|~|",  ,might not finish walking,"3,6",
423,"  walk (Time=Future, Aspect=Inceptive, Mood='might' Potential, Polarity=Negative)","{~|c-I,D,p,0,0,N,N,N,N,N,N,N,N,N,N,N,.,.,.,.,.,A,.,~|(~|n-S,p,N,.,.,.,.,.,.,.,.,.,S,~|-10----~|N-S,D,A,n,K,3,N,N,.,.,.,.,.,.,.,.,~|3)~|~|-1(~|v-S,.,.,.,.,.,~|0----~|V-Z,N,c,N,N,N,p,.,.,.,.,.,.,.,.,.,~|1)~|~|}~|~|",  ,might not start walking,"3,6",
426,"  walk (Time=Future, Aspect=Cessative, Mood='might' Potential, Polarity=Negative)","{~|c-I,D,p,0,0,N,N,N,N,N,N,N,N,N,N,N,.,.,.,.,.,A,.,~|(~|n-S,p,N,.,.,.,.,.,.,.,.,.,S,~|-10----~|N-S,D,A,n,K,3,N,N,.,.,.,.,.,.,.,.,~|3)~|~|-1(~|v-S,.,.,.,.,.,~|0----~|V-Z,c,c,N,N,N,p,.,.,.,.,.,.,.,.,.,~|1)~|~|}~|~|",  ,might not stop walking,"3,6",
429,"  walk (Time=Future, Aspect=Continuative, Mood='might' Potential, Polarity=Negative)","{~|c-I,D,p,0,0,N,N,N,N,N,N,N,N,N,N,N,.,.,.,.,.,A,.,~|(~|n-S,p,N,.,.,.,.,.,.,.,.,.,S,~|-10----~|N-S,D,A,n,K,3,N,N,.,.,.,.,.,.,.,.,~|3)~|~|-1(~|v-S,.,.,.,.,.,~|0----~|V-Z,o,c,N,N,N,p,.,.,.,.,.,.,.,.,.,~|1)~|~|}~|~|",  ,might not continue walking,"3,6",
432,"  walk (Time=Future, Aspect=Unmarked, Mood='must' Obligation, Polarity=Negative)","{~|c-I,D,p,0,0,N,N,N,N,N,N,N,N,N,N,N,.,.,.,.,.,A,.,~|(~|n-S,p,N,.,.,.,.,.,.,.,.,.,S,~|-10----~|N-S,D,A,n,K,3,N,N,.,.,.,.,.,.,.,.,~|3)~|~|-1(~|v-S,.,.,.,.,.,~|0----~|V-Z,U,f,N,N,N,p,.,.,.,.,.,.,.,.,.,~|1)~|~|}~|~|",  ,must not walk,"3,6",
435,"  walk (Time=Future, Aspect=Completive, Mood='must' Obligation, Polarity=Negative)","{~|c-I,D,p,0,0,N,N,N,N,N,N,N,N,N,N,N,.,.,.,.,.,A,.,~|(~|n-S,p,N,.,.,.,.,.,.,.,.,.,S,~|-10----~|N-S,D,A,n,K,3,N,N,.,.,.,.,.,.,.,.,~|3)~|~|-1(~|v-S,.,.,.,.,.,~|0----~|V-Z,C,f,N,N,N,p,.,.,.,.,.,.,.,.,.,~|1)~|~|}~|~|",  ,must not finish walking,"3,6",
438,"  walk (Time=Future, Aspect=Inceptive, Mood='must' Obligation, Polarity=Negative)","{~|c-I,D,p,0,0,N,N,N,N,N,N,N,N,N,N,N,.,.,.,.,.,A,.,~|(~|n-S,p,N,.,.,.,.,.,.,.,.,.,S,~|-10----~|N-S,D,A,n,K,3,N,N,.,.,.,.,.,.,.,.,~|3)~|~|-1(~|v-S,.,.,.,.,.,~|0----~|V-Z,N,f,N,N,N,p,.,.,.,.,.,.,.,.,.,~|1)~|~|}~|~|",  ,must not start walking,"3,6",
441,"  walk (Time=Future, Aspect=Cessative, Mood='must' Obligation, Polarity=Negative)","{~|c-I,D,p,0,0,N,N,N,N,N,N,N,N,N,N,N,.,.,.,.,.,A,.,~|(~|n-S,p,N,.,.,.,.,.,.,.,.,.,S,~|-10----~|N-S,D,A,n,K,3,N,N,.,.,.,.,.,.,.,.,~|3)~|~|-1(~|v-S,.,.,.,.,.,~|0----~|V-Z,c,f,N,N,N,p,.,.,.,.,.,.,.,.,.,~|1)~|~|}~|~|",  ,must not stop walking,"3,6",
444,"  walk (Time=Future, Aspect=Continuative, Mood='must' Obligation, Polarity=Negative)","{~|c-I,D,p,0,0,N,N,N,N,N,N,N,N,N,N,N,.,.,.,.,.,A,.,~|(~|n-S,p,N,.,.,.,.,.,.,.,.,.,S,~|-10----~|N-S,D,A,n,K,3,N,N,.,.,.,.,.,.,.,.,~|3)~|~|-1(~|v-S,.,.,.,.,.,~|0----~|V-Z,o,f,N,N,N,p,.,.,.,.,.,.,.,.,.,~|1)~|~|}~|~|",  ,must not continue walking,"3,6",
447,"  walk (Time=Future, Aspect=Unmarked, Mood='should' Obligation, Polarity=Negative)","{~|c-I,D,p,0,0,N,N,N,N,N,N,N,N,N,N,N,.,.,.,.,.,A,.,~|(~|n-S,p,N,.,.,.,.,.,.,.,.,.,S,~|-10----~|N-S,D,A,n,K,3,N,N,.,.,.,.,.,.,.,.,~|3)~|~|-1(~|v-S,.,.,.,.,.,~|0----~|V-Z,U,g,N,N,N,p,.,.,.,.,.,.,.,.,.,~|1)~|~|}~|~|",  ,should not walk,"3,6",
450,"  walk (Time=Future, Aspect=Completive, Mood='should' Obligation, Polarity=Negative)","{~|c-I,D,p,0,0,N,N,N,N,N,N,N,N,N,N,N,.,.,.,.,.,A,.,~|(~|n-S,p,N,.,.,.,.,.,.,.,.,.,S,~|-10----~|N-S,D,A,n,K,3,N,N,.,.,.,.,.,.,.,.,~|3)~|~|-1(~|v-S,.,.,.,.,.,~|0----~|V-Z,C,g,N,N,N,p,.,.,.,.,.,.,.,.,.,~|1)~|~|}~|~|",  ,should not finish walking,"3,6",
453,"  walk (Time=Future, Aspect=Inceptive, Mood='should' Obligation, Polarity=Negative)","{~|c-I,D,p,0,0,N,N,N,N,N,N,N,N,N,N,N,.,.,.,.,.,A,.,~|(~|n-S,p,N,.,.,.,.,.,.,.,.,.,S,~|-10----~|N-S,D,A,n,K,3,N,N,.,.,.,.,.,.,.,.,~|3)~|~|-1(~|v-S,.,.,.,.,.,~|0----~|V-Z,N,g,N,N,N,p,.,.,.,.,.,.,.,.,.,~|1)~|~|}~|~|",  ,should not start walking,"3,6",
456,"  walk (Time=Future, Aspect=Cessative, Mood='should' Obligation, Polarity=Negative)","{~|c-I,D,p,0,0,N,N,N,N,N,N,N,N,N,N,N,.,.,.,.,.,A,.,~|(~|n-S,p,N,.,.,.,.,.,.,.,.,.,S,~|-10----~|N-S,D,A,n,K,3,N,N,.,.,.,.,.,.,.,.,~|3)~|~|-1(~|v-S,.,.,.,.,.,~|0----~|V-Z,c,g,N,N,N,p,.,.,.,.,.,.,.,.,.,~|1)~|~|}~|~|",  ,should not stop walking,"3,6",
459,"  walk (Time=Future, Aspect=Continuative, Mood='should' Obligation, Polarity=Negative)","{~|c-I,D,p,0,0,N,N,N,N,N,N,N,N,N,N,N,.,.,.,.,.,A,.,~|(~|n-S,p,N,.,.,.,.,.,.,.,.,.,S,~|-10----~|N-S,D,A,n,K,3,N,N,.,.,.,.,.,.,.,.,~|3)~|~|-1(~|v-S,.,.,.,.,.,~|0----~|V-Z,o,g,N,N,N,p,.,.,.,.,.,.,.,.,.,~|1)~|~|}~|~|",  ,should not continue walking,"3,6",
461,"  walk (Time=Past, Mood='must' Obligation)","{~|c-I,D,p,0,0,N,N,N,N,N,N,N,N,N,N,N,.,.,.,.,.,A,.,~|(~|n-S,p,N,.,.,.,.,.,.,.,.,.,S,~|-10----~|N-S,D,A,n,K,3,N,N,.,.,.,.,.,.,.,.,~|3)~|~|-1(~|v-S,.,.,.,.,.,~|0----~|V-Y,U,f,N,A,N,P,.,.,.,.,.,.,.,.,.,~|1)~|~|}~|~|",  ,had to walk,"3,6",
